serial re-run, concurrency 1
start load: 4.65 5.75 6.26
start unified-server procs: 1


==============================================================================
FAIL exit 1 bin/a-bootstrap-does-not-repeat-over-real-history-test.mjs (13.2s) load@start=4.65 servers=1
TypeError: restarted.readAuthority is not a function
    at file:///Users/skip/work/tlda/bin/a-bootstrap-does-not-repeat-over-real-history-test.mjs:77:37
✖ bin/a-bootstrap-does-not-repeat-over-real-history-test.mjs (12542.876ms)
ℹ tests 1
ℹ suites 0
ℹ pass 0
ℹ fail 1
ℹ cancelled 0
ℹ skipped 0
ℹ todo 0
ℹ duration_ms 12588.137792

✖ failing tests:

test at bin/a-bootstrap-does-not-repeat-over-real-history-test.mjs:1:1
✖ bin/a-bootstrap-does-not-repeat-over-real-history-test.mjs (12542.876ms)
  'test failed'

==============================================================================
FAIL exit 1 bin/a-commit-per-accepted-push-test.mjs (5.5s) load@start=5.84 servers=1
file:///Users/skip/work/tlda/bin/a-commit-per-accepted-push-test.mjs:66
  const authority = await lifecycle.readAuthority()
                                    ^

TypeError: lifecycle.readAuthority is not a function
    at acceptAndMirror (file:///Users/skip/work/tlda/bin/a-commit-per-accepted-push-test.mjs:66:37)
    at file:///Users/skip/work/tlda/bin/a-commit-per-accepted-push-test.mjs:83:21

Node.js v26.3.1
✖ bin/a-commit-per-accepted-push-test.mjs (4705.965291ms)
ℹ tests 1
ℹ suites 0
ℹ pass 0
ℹ fail 1
ℹ cancelled 0
ℹ skipped 0
ℹ todo 0
ℹ duration_ms 4735.339625

✖ failing tests:

test at bin/a-commit-per-accepted-push-test.mjs:1:1
✖ bin/a-commit-per-accepted-push-test.mjs (4705.965291ms)
  'test failed'

==============================================================================
FAIL exit 1 bin/a-conflicted-checkout-reports-synced-test.mjs (93.3s) load@start=6.09 servers=0
(node:28398) ExperimentalWarning: localStorage is not available because --localstorage-file was not provided.
(Use `node --trace-warnings ...` to show where the warning was created)
NEGATIVE CONTROL: same fixture, neither path invoked
  user territory unchanged — the instrument is quiet when nothing runs

W. THE WIRE: headChanged() -> fetchHead() -> mirrorArrived(), real fetch
  refs/tlda/fetched/fixture-paper before: (absent)
  the person stands on refs/heads/main at f5d5d9a9315db5d2921bdec5ab46f95926f631df
  the remote publishes refs/tlda/source/fixture-paper = e30fb34f1bc881573414a74d3acb690e702251d8
  headChanged returned status=observed ok=true
  refs/tlda/fetched/fixture-paper after:  e30fb34f1bc881573414a74d3acb690e702251d8
  the fetch really ran and delivered the revision: true
  user territory unchanged
  MERGE_HEAD in the person's checkout: (absent)

S. THE STATUS: what a subscriber is told about a conflicted arrival
  conflicting arrival: git sync returned ok=true status=observed
  clean arrival:       git sync returned ok=true status=observed
  the conflicting checkout holds MERGE_HEAD: (absent)
  FIXTURE NOT CAPABLE: the two arrivals did not produce different outcomes.

========================================================================
  W: not red — fetch delivered=true, status=observed
  S: not red — outcomes did not differ [FIXTURE NOT CAPABLE]

INCONCLUSIVE: a fixture was not shown capable of producing the outcome.
✖ bin/a-conflicted-checkout-reports-synced-test.mjs (92852.307291ms)
ℹ tests 1
ℹ suites 0
ℹ pass 0
ℹ fail 1
ℹ cancelled 0
ℹ skipped 0
ℹ todo 0
ℹ duration_ms 92885.65775

✖ failing tests:

test at bin/a-conflicted-checkout-reports-synced-test.mjs:1:1
✖ bin/a-conflicted-checkout-reports-synced-test.mjs (92852.307291ms)
  'test failed'

==============================================================================
FAIL exit 1 bin/a-figure-does-not-refuse-a-rebase-test.mjs (2.9s) load@start=4.71 servers=0
file:///Users/skip/work/tlda/bin/a-figure-does-not-refuse-a-rebase-test.mjs:47
  const booted = lifecycle.bootstrap({ expectedRevision: null, sourceManifest: MANIFEST, files })
                           ^

TypeError: lifecycle.bootstrap is not a function
    at paperWithAFigure (file:///Users/skip/work/tlda/bin/a-figure-does-not-refuse-a-rebase-test.mjs:47:28)
    at async file:///Users/skip/work/tlda/bin/a-figure-does-not-refuse-a-rebase-test.mjs:57:39

Node.js v26.3.1
✖ bin/a-figure-does-not-refuse-a-rebase-test.mjs (2569.473958ms)
ℹ tests 1
ℹ suites 0
ℹ pass 0
ℹ fail 1
ℹ cancelled 0
ℹ skipped 0
ℹ todo 0
ℹ duration_ms 2593.128542

✖ failing tests:

test at bin/a-figure-does-not-refuse-a-rebase-test.mjs:1:1
✖ bin/a-figure-does-not-refuse-a-rebase-test.mjs (2569.473958ms)
  'test failed'

==============================================================================
FAIL exit 1 bin/a-ref-that-does-not-outrun-its-record-test.mjs (1.0s) load@start=4.71 servers=0
file:///Users/skip/work/tlda/bin/a-ref-that-does-not-outrun-its-record-test.mjs:56
  () => lifecycle.bootstrap({
                  ^

TypeError: lifecycle.bootstrap is not a function
    at file:///Users/skip/work/tlda/bin/a-ref-that-does-not-outrun-its-record-test.mjs:56:19
    at waitForActual (node:assert:601:21)
    at strict.rejects (node:assert:738:31)
    at file:///Users/skip/work/tlda/bin/a-ref-that-does-not-outrun-its-record-test.mjs:55:14
    at ModuleJob.run (node:internal/modules/esm/module_job:439:25)
    at async onImport.tracePromise.__proto__ (node:internal/modules/esm/loader:646:26)
    at async asyncRunEntryPointWithESMLoader (node:internal/modules/run_main:101:5)

Node.js v26.3.1
✖ bin/a-ref-that-does-not-outrun-its-record-test.mjs (590.415167ms)
ℹ tests 1
ℹ suites 0
ℹ pass 0
ℹ fail 1
ℹ cancelled 0
ℹ skipped 0
ℹ todo 0
ℹ duration_ms 617.737792

✖ failing tests:

test at bin/a-ref-that-does-not-outrun-its-record-test.mjs:1:1
✖ bin/a-ref-that-does-not-outrun-its-record-test.mjs (590.415167ms)
  'test failed'

==============================================================================
FAIL exit 1 bin/a-refusal-that-names-what-differed-test.mjs (1.4s) load@start=4.98 servers=0
file:///Users/skip/work/tlda/bin/a-refusal-that-names-what-differed-test.mjs:57
  const bootstrap = await lifecycle.bootstrap({
                                    ^

TypeError: lifecycle.bootstrap is not a function
    at file:///Users/skip/work/tlda/bin/a-refusal-that-names-what-differed-test.mjs:57:37
    at ModuleJob.run (node:internal/modules/esm/module_job:439:25)
    at async onImport.tracePromise.__proto__ (node:internal/modules/esm/loader:646:26)
    at async asyncRunEntryPointWithESMLoader (node:internal/modules/run_main:101:5)

Node.js v26.3.1
✖ bin/a-refusal-that-names-what-differed-test.mjs (896.173583ms)
ℹ tests 1
ℹ suites 0
ℹ pass 0
ℹ fail 1
ℹ cancelled 0
ℹ skipped 0
ℹ todo 0
ℹ duration_ms 917.452458

✖ failing tests:

test at bin/a-refusal-that-names-what-differed-test.mjs:1:1
✖ bin/a-refusal-that-names-what-differed-test.mjs (896.173583ms)
  'test failed'

==============================================================================
FAIL exit 1 bin/a-retry-that-lands-once-test.mjs (1.6s) load@start=4.98 servers=0
file:///Users/skip/work/tlda/bin/a-retry-that-lands-once-test.mjs:44
const first = lifecycle.prepareOperation(payload())
                        ^

TypeError: lifecycle.prepareOperation is not a function
    at file:///Users/skip/work/tlda/bin/a-retry-that-lands-once-test.mjs:44:25
    at ModuleJob.run (node:internal/modules/esm/module_job:439:25)
    at async onImport.tracePromise.__proto__ (node:internal/modules/esm/loader:646:26)
    at async asyncRunEntryPointWithESMLoader (node:internal/modules/run_main:101:5)

Node.js v26.3.1
✖ bin/a-retry-that-lands-once-test.mjs (956.171167ms)
ℹ tests 1
ℹ suites 0
ℹ pass 0
ℹ fail 1
ℹ cancelled 0
ℹ skipped 0
ℹ todo 0
ℹ duration_ms 991.203583

✖ failing tests:

test at bin/a-retry-that-lands-once-test.mjs:1:1
✖ bin/a-retry-that-lands-once-test.mjs (956.171167ms)
  'test failed'

==============================================================================
FAIL exit 1 bin/a-scratch-section-still-builds-test.mjs (9.4s) load@start=4.98 servers=0
[1;41;97m[tldraw][m [31;1mYou have multiple instances of some tldraw libraries active. This can lead to bugs and unexpected behavior. [m

This usually means that your bundler is misconfigured, and is importing the same library multiple times - usually once as an ES Module, and once as a CommonJS module.

The following libraries have been imported multiple times:
  • ❌ [1m@tldraw/utils[m v5.2.0: 
      1. ES Modules
      2. ES Modules
  • ❌ [1m@tldraw/state[m v5.2.0: 
      1. ES Modules
      2. ES Modules
  • ❌ [1m@tldraw/store[m v5.2.0: 
      1. ES Modules
      2. ES Modules
  • ❌ [1m@tldraw/validate[m v5.2.0: 
      1. ES Modules
      2. ES Modules
  • ❌ [1m@tldraw/tlschema[m v5.2.0: 
      1. ES Modules
      2. ES Modules

You should configure your bundler to only import one version of each library.
[build:a-paper-with-a-scratch-section] Building preamble format...
[build:a-paper-with-a-scratch-section] Format creation failed: Command failed: pdflatex -ini -interaction=nonstopmode -output-format=dvi -jobname="main-fmt" "&pdflatex" mylatexformat.ltx "main-fmt.hdr"
[build:a-paper-with-a-scratch-section] No format available — using pretex wrapper
[build:a-paper-with-a-scratch-section] Compiling...
[build:a-paper-with-a-scratch-section] pdflatex exited with warnings (continuing): Command failed: pdflatex --output-format=dvi -synctex=1 -recorder -interaction=nonstopmode -output-directory="/tmp/tlda-fence-env/tlda-build-a-paper-with-a-scratch-section-main-1787428541621" -jobname="main" "main-wrapped.tex"
[build:a-paper-with-a-scratch-section] pdflatex done in 0.1s
[build:a-paper-with-a-scratch-section] Build status signal sent (0 errors, 0 warnings)
[build:a-paper-with-a-scratch-section] BUILD FAILED: DVI file not created
[sync] Room created: doc-a-paper-with-a-scratch-section
[build:a-paper-with-a-scratch-section] persistent build status updated: src=unknown seq=0 (1 errors, 0 warnings)
[build:a-paper-with-a-scratch-section] Build status signal sent (1 errors, 0 warnings)
[webhook] build-complete: fetch failed
/Users/skip/work/tlda/server/lib/build-runner.mjs:757
  if (!existsSync(dviFile)) throw new Error('DVI file not created')
                                  ^

Error: DVI file not created
    at compileLaTeX (/Users/skip/work/tlda/server/lib/build-runner.mjs:757:35)
    at async _runBuildInner (/Users/skip/work/tlda/server/lib/build-runner.mjs:1944:33)
    at async runBuild (/Users/skip/work/tlda/server/lib/build-runner.mjs:1808:12)
    at async <anonymous> (/Users/skip/work/tlda/bin/a-scratch-section-still-builds-test.mjs:106:3)

Node.js v26.3.1
✖ bin/a-scratch-section-still-builds-test.mjs (8997.535042ms)
ℹ tests 1
ℹ suites 0
ℹ pass 0
ℹ fail 1
ℹ cancelled 0
ℹ skipped 0
ℹ todo 0
ℹ duration_ms 9021.537208

✖ failing tests:

test at bin/a-scratch-section-still-builds-test.mjs:1:1
✖ bin/a-scratch-section-still-builds-test.mjs (8997.535042ms)
  'test failed'

==============================================================================
FAIL exit 1 bin/a-second-build-slot-that-exists-test.mjs (1.3s) load@start=4.81 servers=0
file:///Users/skip/work/tlda/bin/a-second-build-slot-that-exists-test.mjs:46
  queue.dispatchBuild('alpha', { sourceRevision: 'a1', acceptSeq: 1 })
        ^

TypeError: queue.dispatchBuild is not a function
    at file:///Users/skip/work/tlda/bin/a-second-build-slot-that-exists-test.mjs:46:9
    at ModuleJob.run (node:internal/modules/esm/module_job:439:25)
    at async onImport.tracePromise.__proto__ (node:internal/modules/esm/loader:646:26)
    at async asyncRunEntryPointWithESMLoader (node:internal/modules/run_main:101:5)

Node.js v26.3.1
✖ bin/a-second-build-slot-that-exists-test.mjs (831.934625ms)
ℹ tests 1
ℹ suites 0
ℹ pass 0
ℹ fail 1
ℹ cancelled 0
ℹ skipped 0
ℹ todo 0
ℹ duration_ms 855.76025

✖ failing tests:

test at bin/a-second-build-slot-that-exists-test.mjs:1:1
✖ bin/a-second-build-slot-that-exists-test.mjs (831.934625ms)
  'test failed'

==============================================================================
FAIL exit 1 bin/agent-wake-grant-regression-test.mjs (3.6s) load@start=4.81 servers=0
/Users/skip/work/tlda/cli/tlda.mjs:3823
      if (!stored) throw new Error(`no local mint recorded for ${name}`)
                         ^

Error: no local mint recorded for wake-meta-proof
    at runFleetSpawn (/Users/skip/work/tlda/cli/tlda.mjs:3823:26)
    at process.processTicksAndRejections (node:internal/process/task_queues:104:5)
    at async wakeAndCapture (/Users/skip/work/tlda/bin/agent-wake-grant-regression-test.mjs:71:3)
    at async <anonymous> (/Users/skip/work/tlda/bin/agent-wake-grant-regression-test.mjs:94:25)

Node.js v26.3.1
✖ bin/agent-wake-grant-regression-test.mjs (3240.872417ms)
ℹ tests 1
ℹ suites 0
ℹ pass 0
ℹ fail 1
ℹ cancelled 0
ℹ skipped 0
ℹ todo 0
ℹ duration_ms 3266.514833

✖ failing tests:

test at bin/agent-wake-grant-regression-test.mjs:1:1
✖ bin/agent-wake-grant-regression-test.mjs (3240.872417ms)
  'test failed'

==============================================================================
FAIL exit 1 bin/an-accept-the-daemon-is-never-told-about-test.mjs (2.3s) load@start=5.31 servers=0
file:///Users/skip/work/tlda/bin/an-accept-the-daemon-is-never-told-about-test.mjs:61
const first = await store.bootstrap({ ...push('draft one\n'), expectedRevision: null })
                          ^

TypeError: store.bootstrap is not a function
    at file:///Users/skip/work/tlda/bin/an-accept-the-daemon-is-never-told-about-test.mjs:61:27
    at ModuleJob.run (node:internal/modules/esm/module_job:439:25)
    at async onImport.tracePromise.__proto__ (node:internal/modules/esm/loader:646:26)
    at async asyncRunEntryPointWithESMLoader (node:internal/modules/run_main:101:5)

Node.js v26.3.1
✖ bin/an-accept-the-daemon-is-never-told-about-test.mjs (1668.899917ms)
ℹ tests 1
ℹ suites 0
ℹ pass 0
ℹ fail 1
ℹ cancelled 0
ℹ skipped 0
ℹ todo 0
ℹ duration_ms 1707.127083

✖ failing tests:

test at bin/an-accept-the-daemon-is-never-told-about-test.mjs:1:1
✖ bin/an-accept-the-daemon-is-never-told-about-test.mjs (1668.899917ms)
  'test failed'

==============================================================================
FAIL exit 1 bin/book-member-identity-test.mjs (2.0s) load@start=4.96 servers=1
node:internal/modules/run_main:107
    triggerUncaughtException(
    ^

AssertionError [ERR_ASSERTION]: SvgDocumentEditor must derive selected doc identity from loaded document.name
    at file:///Users/skip/work/tlda/bin/book-member-identity-test.mjs:20:8
    at ModuleJob.run (node:internal/modules/esm/module_job:439:25)
    at async onImport.tracePromise.__proto__ (node:internal/modules/esm/loader:646:26)
    at async asyncRunEntryPointWithESMLoader (node:internal/modules/run_main:101:5) {
  generatedMessage: false,
  code: 'ERR_ASSERTION',
  actual: "import { useMemo, useEffect, useRef, useState, useCallback, useContext, createContext, useSyncExternalStore, Component } from 'react'\n" +
    "import type { ReactNode, ErrorInfo } from 'react'\n" +
    "const _pageLoadStart = typeof performance !== 'undefined' ? performance.now() : 0\n" +
    'import {\n' +
    '  Tldraw,\n' +
    '  react,\n' +
    '  useEditor,\n' +
    '  DefaultColorStyle,\n' +
    '  DefaultSizeStyle,\n' +
    '  defaultShapeUtils,\n' +
    '  defaultBindingUtils,\n' +
    '  HighlightShapeUtil,\n' +
    "} from 'tldraw'\n" +
    "import type { TLComponents, Editor, TLShapeId } from 'tldraw'\n" +
    "import 'tldraw/tldraw.css'\n" +
    "import { probe } from './perf-probe'\n" +
    "import { installLivePerfProbe } from './livePerfProbe'\n" +
    "import { downloadEmergencyDump } from './emergencyDump'\n" +
    "import { MathNoteShapeUtil, setMathNoteEntryMode } from './shapes/MathNoteShape'\n" +
    "import { TocDropTargetShapeUtil } from './shapes/TocDropTargetShape'\n" +
    '// noteThreading removed — no tabs\n' +
    "import { HtmlPageShapeUtil } from './shapes/HtmlPageShape'\n" +
    "import { SvgPageShapeUtil } from './shapes/SvgPageShape'\n" +
    "import { SvgFigureShapeUtil } from './shapes/SvgFigureShape'\n" +
    "import { ReadingAssistBarShapeUtil } from './shapes/ReadingAssistBarShape'\n" +
    "import { UnderstandingLineShapeUtil } from './shapes/UnderstandingLineShape'\n" +
    "import { TimelineOverlayShapeUtil } from './shapes/TimelineOverlayShape'\n" +
    "import { ZoomableImageShapeUtil } from './shapes/ZoomableImageShape'\n" +
    '// DotAnnotationShape removed — math-note dots replace it\n' +
    "import { FleetChatShapeUtil } from './shapes/FleetChatShape'\n" +
    "import { FleetAgentsShapeUtil } from './shapes/FleetAgentsShape'\n" +
    "import { FleetDocViewShapeUtil } from './shapes/FleetDocViewShape'\n" +
    "import { DocClipShapeUtil } from './shapes/DocClipShape'\n" +
    "import { FleetPillShapeUtil } from './shapes/FleetPillShape'\n" +
    "import { installFleetPillReclaimer } from './shapes/fleet-pill-transient'\n" +
    "import { FleetSearchShapeUtil } from './shapes/FleetSearchShape'\n" +
    "import { FleetInboxShapeUtil } from './shapes/FleetInboxShape'\n" +
    "import { FleetNotificationsShapeUtil } from './shapes/FleetNotificationsShape'\n" +
    "import { FleetReportArtifactShapeUtil } from './shapes/FleetReportArtifactShape'\n" +
    "import { FleetSourceEditorShapeUtil } from './shapes/FleetSourceEditorShape'\n" +
    "import { getMyAnchorId, isMyFleetShape, FLEET_SHAPE_TYPES } from './shapes/fleet-utils'\n" +
    "import { dispatchFleetHudReset } from './wm/editor-host-bridge'\n" +
    "import { installTldaShapeLayers } from './wm/tlda-shape-layers'\n" +
    "import { installProjectLayerModel } from './wm/project-layer-model'\n" +
    "import { log } from './logger'\n" +
    "import { dispatchShapeRenderError } from './shape-error-surface'\n" +
    "import { ClusterShapeUtil } from './shapes/ClusterShape'\n" +
    "import { TerminalShapeUtil } from './shapes/TerminalShape'\n" +
    "import { OutlineShapeUtil } from './shapes/OutlineShape'\n" +
    "import { GraphNodeShapeUtil } from './shapes/GraphNodeShape'\n" +
    "import { GraphExplainShapeUtil } from './shapes/GraphExplainShape'\n" +
    "import { InlineDocShapeUtil } from './shapes/InlineDocShape'\n" +
    "import { DocVersionShapeUtil } from './shapes/DocVersionShape'\n" +
    "import { DocViewerStateShapeUtil } from './shapes/DocViewerStateShape'\n" +
    "import { PlaybackFrameShapeUtil } from './shapes/PlaybackFrameShape'\n" +
    "import { HighlighterSlider } from './shapes/HighlighterSliderShape'\n" +
    "import { ToolNameHud } from './overlays/ToolNameHud'\n" +
    "import { getSvgViewBox, setNavigateToAnchor, setOnSourceClick, anchorIndex, dismissAllChanges, changedPages } from './stores'\n" +
    "import { fetchSvgPagesAsync } from './editorSetup'\n" +
    "import { BrowseTool } from './tools/BrowseTool/BrowseTool'\n" +
    "import { PenTool } from './tools/PenTool/PenTool'\n" +
    "import { SoftAxisHandTool } from './tools/SoftAxisHandTool'\n" +
    "import { MathNoteTool } from './tools/MathNoteTool'\n" +
    "import { VoiceNoteTool } from './tools/VoiceNoteTool'\n" +
    "import { TextSelectTool } from './tools/TextSelectTool'\n" +
    "import { FleetChatTool } from './tools/FleetChatTool'\n" +
    "import { FleetAgentsTool } from './tools/FleetAgentsTool'\n" +
    "import { HTML_PAGE_FORMATS } from '../shared/document-formats.mjs'\n" +
    "import { FleetSearchTool } from './tools/FleetSearchTool'\n" +
    "import { FleetInboxTool } from './tools/FleetInboxTool'\n" +
    "import { ClusterTool } from './tools/ClusterTool'\n" +
    "import { TerminalTool } from './tools/TerminalTool'\n" +
    "import { PlaybackTool } from './tools/PlaybackTool'\n" +
    "import { FleetVideoShapeUtil } from './shapes/FleetVideoShape'\n" +
    "import { LiveRoomAudio } from './livekit/LiveRoomAudio'\n" +
    "import { RibbonEraserTool } from './tools/RibbonEraserTool'\n" +
    "import { RibbonHighlightTool } from './tools/RibbonHighlightTool'\n" +
    "import { RibbonLane } from './shapes/RibbonLane'\n" +
    "import { ProvenancePanel } from './shapes/ProvenancePanel'\n" +
    "import { ProvenanceInline } from './shapes/ProvenanceInline'\n" +
    "import { initSignalConnection, teardownSignalConnection, isSignalConnected

==============================================================================
FAIL exit 1 bin/bot-package-surface-test.mjs (7.7s) load@start=4.96 servers=0
MISSING 'a' — imported by current-mint-launch-failure/bin/bot-package-surface-test.mjs, partial-mint-transaction/bin/bot-package-surface-test.mjs
node:internal/modules/run_main:107
    triggerUncaughtException(
    ^

AssertionError [ERR_ASSERTION]: @tlda/bot is missing 1 symbol(s) the bots import
    at <anonymous> (/Users/skip/work/tlda/bin/bot-package-surface-test.mjs:63:10) {
  generatedMessage: false,
  code: 'ERR_ASSERTION',
  actual: undefined,
  expected: undefined,
  operator: 'fail',
  diff: 'simple'
}

Node.js v26.3.1
✖ bin/bot-package-surface-test.mjs (7230.403375ms)
ℹ tests 1
ℹ suites 0
ℹ pass 0
ℹ fail 1
ℹ cancelled 0
ℹ skipped 0
ℹ todo 0
ℹ duration_ms 7254.911083

✖ failing tests:

test at bin/bot-package-surface-test.mjs:1:1
✖ bin/bot-package-surface-test.mjs (7230.403375ms)
  'test failed'

==============================================================================
FAIL exit 1 bin/brush-test.mjs (16.1s) load@start=7.49 servers=0
node:internal/modules/run_main:107
    triggerUncaughtException(
    ^

page.goto: net::ERR_CONNECTION_REFUSED at https://localhost:5176/?project=test-fleet&name=tester&token=15fc7709df6bf2f804c7e3d75ab8b34a&pw=1
Call log:
[2m  - navigating to "https://localhost:5176/?project=test-fleet&name=tester&token=15fc7709df6bf2f804c7e3d75ab8b34a&pw=1", waiting until "domcontentloaded"[22m

    at /Users/skip/work/tlda/bin/brush-test.mjs:45:12 {
  log: [
    '  - navigating to "https://localhost:5176/?project=test-fleet&name=tester&token=15fc7709df6bf2f804c7e3d75ab8b34a&pw=1", waiting until "domcontentloaded"'
  ],
  name: 'Error'
}

Node.js v26.3.1
✖ bin/brush-test.mjs (15638.436917ms)
ℹ tests 1
ℹ suites 0
ℹ pass 0
ℹ fail 1
ℹ cancelled 0
ℹ skipped 0
ℹ todo 0
ℹ duration_ms 15653.26125

✖ failing tests:

test at bin/brush-test.mjs:1:1
✖ bin/brush-test.mjs (15638.436917ms)
  'test failed'

==============================================================================
FAIL exit 1 bin/cli-command-family-completion-boundary-test.mjs (28.6s) load@start=6.49 servers=0
file:///Users/skip/work/tlda/bin/cli-command-family-completion-boundary-test.mjs:91
  const timer = setTimeout(() => { child.kill('SIGKILL'); reject(new Error(`timed out: ${args.join(' ')}\n${stdout}\n${stderr}`)) }, timeout)
                                                                 ^

Error: timed out: project unlink proof https://example.com/proof.git

project unlink attempt 1 did not complete: local fleet daemon is unavailable; start it with `tlda daemon start` or use `tlda doctor yolo` for break-glass repair; retrying in 1s
project unlink attempt 2 did not complete: local fleet daemon is unavailable; start it with `tlda daemon start` or use `tlda doctor yolo` for break-glass repair; retrying in 1s
project unlink attempt 3 did not complete: local fleet daemon is unavailable; start it with `tlda daemon start` or use `tlda doctor yolo` for break-glass repair; retrying in 2s
project unlink attempt 4 did not complete: local fleet daemon is unavailable; start it with `tlda daemon start` or use `tlda doctor yolo` for break-glass repair; retrying in 4s
project unlink attempt 5 did not complete: local fleet daemon is unavailable; start it with `tlda daemon start` or use `tlda doctor yolo` for break-glass repair; retrying in 8s
project unlink attempt 6 did not complete: local fleet daemon is unavailable; start it with `tlda daemon start` or use `tlda doctor yolo` for break-glass repair; retrying in 16s

    at Timeout._onTimeout (file:///Users/skip/work/tlda/bin/cli-command-family-completion-boundary-test.mjs:91:66)
    at listOnTimeout (node:internal/timers:605:17)
    at process.processTimers (node:internal/timers:541:7)

Node.js v26.3.1
✖ bin/cli-command-family-completion-boundary-test.mjs (27576.37625ms)
ℹ tests 1
ℹ suites 0
ℹ pass 0
ℹ fail 1
ℹ cancelled 0
ℹ skipped 0
ℹ todo 0
ℹ duration_ms 27619.468292

✖ failing tests:

test at bin/cli-command-family-completion-boundary-test.mjs:1:1
✖ bin/cli-command-family-completion-boundary-test.mjs (27576.37625ms)
  'test failed'

==============================================================================
FAIL exit 1 bin/cli-markdown-push-source-set-test.mjs (1.2s) load@start=6.22 servers=0
node:internal/modules/run_main:107
    triggerUncaughtException(
    ^

AssertionError [ERR_ASSERTION]: incremental project push must use the format-aware source-set adapter
    at file:///Users/skip/work/tlda/bin/cli-markdown-push-source-set-test.mjs:13:10
    at ModuleJob.run (node:internal/modules/esm/module_job:439:25)
    at async onImport.tracePromise.__proto__ (node:internal/modules/esm/loader:646:26)
    at async asyncRunEntryPointWithESMLoader (node:internal/modules/run_main:101:5) {
  generatedMessage: false,
  code: 'ERR_ASSERTION',
  actual: '#!/usr/bin/env node\n' +
    '/**\n' +
    ' * tlda — tlda CLI.\n' +
    ' *\n' +
    ' * The user-facing command surface is noun-first: doc/server/daemon/agent/config.\n' +
    ' * Server URL resolution is centralized in shared/config.mjs; do not document\n' +
    ' * ad-hoc fallback chains here.\n' +
    ' */\n' +
    '\n' +
    "import { resolve, relative, basename, dirname, join, delimiter } from 'path'\n" +
    "import { copyFileSync, existsSync, readFileSync, writeFileSync, mkdirSync, readdirSync, unlinkSync, statSync, appendFileSync, realpathSync, renameSync, openSync, closeSync } from 'fs'\n" +
    "import { fileURLToPath } from 'url'\n" +
    "import { homedir, hostname } from 'os'\n" +
    "import { createHash, randomBytes, randomUUID } from 'crypto'\n" +
    "import { execFileSync, spawn as cpSpawn, spawnSync } from 'child_process'\n" +
    "import { stringify as stringifyYaml } from 'yaml'\n" +
    "import { collectSourceFiles, collectProjectSourceHashes, readForUpload, splitServerSourcePathsByManifest, withReferencedRoots } from './lib/source-files.mjs'\n" +
    "import { diffSourceHashes, isIgnoredSourceDir, isQuartoRenderOutput, isSourceFilePath, normalizeSourceManifest } from '../shared/source-manifest.mjs'\n" +
    "import { collectHtmlArtifactFiles, htmlArtifactMainForSource } from './lib/html-artifact-files.mjs'\n" +
    "import { renderQtm285HomeworkVariants } from './lib/classroom-qtm285-render.mjs'\n" +
    'import {\n' +
    '  loadCliConfig, saveCliConfig, loadServerConfig, initConfig, resolveConfig, listEnvironments, getServerUrl, getFleetServerUrl, getRwToken, getReadToken, saveTokens, getActiveEnvName, DEFAULT_PORT,\n' +
    '  CONFIG_DIR, hasTls, TLS_CA_PATH, getManagedBots, getManagedBotEnvironments, getMachineId,\n' +
    "} from '../shared/config.mjs'\n" +
    "import { tldaFetch } from '../shared/http-client.mjs'\n" +
    "import { daemonLifecycleSocketPath, daemonStateSuffix } from '../shared/daemon-socket-path.mjs'\n" +
    "import { DEV_COMMANDS } from './lib/dev-commands.mjs'\n" +
    "import { getFunnelUrl, findTailscaleIPv4, findLanIPv4, selectDevShareBase, selectDocShareBase, viewerLoginUrl } from './lib/share-url.mjs'\n" +
    "import { scanMarkdownDependencyClosure } from '../shared/markdown-deps.mjs'\n" +
    "import { planLaunchdApply } from './lib/config-apply-plan.mjs'\n" +
    "import { botServicePaths as declaredBotServicePaths, parseBotMintId, resolveBotScript } from '../shared/bot-declaration.mjs'\n" +
    "import { formatSystemStatus } from './lib/system-status.mjs'\n" +
    "import { rotateBeforeOpen } from '../shared/rotating-log.mjs'\n" +
    'import {\n' +
    '  bootstrapLaunchdJob,\n' +
    '  launchdDomain,\n' +
    '  launchdTarget,\n' +
    '  launchctlCommand,\n' +
    "} from './lib/launchd-supervision.mjs'\n" +
    'import {\n' +
    '  DEFAULT_SUPERVISED_START_TIMEOUT_MS,\n' +
    '  assertTargetEnvironmentDaemon,\n' +
    '  daemonReadyLogEvidence,\n' +
    '  isCompleteTargetDaemonReady,\n' +
    '  parseFleetDaemonPids,\n' +
    '  parseLaunchdPid,\n' +
    '  pollTargetDaemonReadiness,\n' +
    '  terminatePidAndWait,\n' +
    "} from './lib/daemon-supervision-transition.mjs'\n" +
    "import { resolveAgentQuery } from './lib/agent-resolve.mjs'\n" +
    "import { parseAgentMoveTarget, describeAgentAddress } from '../shared/agent-move-target.mjs'\n" +
    "import { runtimeStatusName } from '../shared/fleet-runtime-status.mjs'\n" +
    "import { daemonSingletonLockPath, inspectSingletonLock } from '../agent-runtime/singleton-lock.mjs'\n" +
    'import {\n' +
    '  compilePermissionGrant,\n' +
    '  permissionClampLine,\n' +
    '  permissionGrantProfileName,\n' +
    '  permissionGrantTransparencyLine,\n' +
    '  resolveDirectSpawnGrant,\n' +
    "} from '../server/lib/permission-grants.mjs'\n" +
    "import { SPAWN_MACHINE_PREF_KEY } from '../server/lib/spawn-routing.mjs'\n" +
    'import {\n' +
    '  applyDaemonGrants,\n' +
    '  createPermissionLedger,\n' +
    '  defaultDaemonConfigPath,\n' +
    '  permissionLedgerPathFromDaemonConfig,\n' +
    '  readDaemonConfig,\n' +
    '  readDaemonConfigForCwd,\n' +
    '  withDaemonModelAliases,\n' +
    "} from '../agent-launch/permission-ledger.mjs'\n" +
    "import { createLocalAgentLedger } from '../agent-launch/local-agent-ledger.mjs'\n" +
    "import { MintStore } from '../daemon/mint-store.mjs'\n" +
    "import { sessionRuntimeState, terminateTmuxSession } from '../agent-launch/tmux.mjs'\n" +
    "import { wsReserveShell } from '../agent-launch/register.mjs'\n" +
    "import { projectWorldsPath, readProjectWorlds, writeProjectWorld } from '../shared/project-worlds.mjs'\n" +
    "import { exactTmuxTarget, exactTmuxWindowTarget } from '../shared/tmux-target.mjs'\n" +
    "import { createGitRemotes } from '../shared/git-remotes.mjs'\n" +
    "import { normalizeDocumentRoots } from '../shared/document-roots.mjs'\n" +
    '\n' +
    '// --- Argument parsing ---\n' +
    '\n' +
    '// Noun routing. The CLI is organized under nouns (server / project / agent / config).\n' +
    '// `tlda project <sub> …` and `tlda config <sub> …` forward transparently to the\n' +
    "// sub's handler by splicing the noun out of argv, so every existing handler runs\n" +
    "// unchanged. (server/agent self-dispatch and aren't spliced; `doctor` and `logs`\n" +
    '// are their own top-level commands.)\n' +
    'const PROJECT_SUBS = new Set

==============================================================================
FAIL exit 1 bin/cli-project-completion-boundary-test.mjs (16.2s) load@start=6.22 servers=0
node:internal/modules/run_main:107
    triggerUncaughtException(
    ^

AssertionError [ERR_ASSERTION]: Expected values to be strictly equal:
+ actual - expected

+ undefined
- true

    at file:///Users/skip/work/tlda/bin/cli-project-completion-boundary-test.mjs:168:10
    at process.processTicksAndRejections (node:internal/process/task_queues:104:5) {
  generatedMessage: true,
  code: 'ERR_ASSERTION',
  actual: undefined,
  expected: true,
  operator: 'strictEqual',
  diff: 'simple'
}

Node.js v26.3.1
✖ bin/cli-project-completion-boundary-test.mjs (15748.357459ms)
ℹ tests 1
ℹ suites 0
ℹ pass 0
ℹ fail 1
ℹ cancelled 0
ℹ skipped 0
ℹ todo 0
ℹ duration_ms 15775.003958

✖ failing tests:

test at bin/cli-project-completion-boundary-test.mjs:1:1
✖ bin/cli-project-completion-boundary-test.mjs (15748.357459ms)
  'test failed'

==============================================================================
FAIL exit 1 bin/cli-push-reporting-and-batching-test.mjs (3.2s) load@start=7.19 servers=0
node:internal/modules/run_main:107
    triggerUncaughtException(
    ^

AssertionError [ERR_ASSERTION]: precondition: CLI must reach /source-room/files
stdout:
Submitting to "rejecting-book"...

stderr:
Error: Cannot read properties of undefined (reading 'unchanged')


0 !== 1

    at <anonymous> (/Users/skip/work/tlda/bin/cli-push-reporting-and-batching-test.mjs:117:10)
    at process.processTicksAndRejections (node:internal/process/task_queues:104:5) {
  generatedMessage: false,
  code: 'ERR_ASSERTION',
  actual: 0,
  expected: 1,
  operator: 'strictEqual',
  diff: 'simple'
}

Node.js v26.3.1
✖ bin/cli-push-reporting-and-batching-test.mjs (2842.58875ms)
ℹ tests 1
ℹ suites 0
ℹ pass 0
ℹ fail 1
ℹ cancelled 0
ℹ skipped 0
ℹ todo 0
ℹ duration_ms 2872.307791

✖ failing tests:

test at bin/cli-push-reporting-and-batching-test.mjs:1:1
✖ bin/cli-push-reporting-and-batching-test.mjs (2842.58875ms)
  'test failed'

==============================================================================
FAIL exit 1 bin/delegate-spawn-shell-e2e-test.mjs (23.5s) load@start=7.19 servers=0
(node:43811) Warning: Setting the NODE_TLS_REJECT_UNAUTHORIZED environment variable to '0' makes TLS connections and HTTPS requests insecure by disabling certificate verification.
(Use `node --trace-warnings ...` to show where the warning was created)
PASS: delegate fresh spawn RPC carried a preallocated fleet agent_id
PASS: awaited spawn reports success only after the agent joins through the fleet socket
PASS: spawned shell owns a durable task visible through my-task/inbox
PASS: spawned shell direct chat response is stored under its fleet id
PASS: roster state includes the spawned live shell
PASS: awaited spawn reports login-timeout when the daemon launch never joins
PASS: claim before authoritative absence preserves the claimed agent
FAIL: AssertionError [ERR_ASSERTION]: Missing expected rejection.
    at async run (file:///Users/skip/work/tlda/bin/delegate-spawn-shell-e2e-test.mjs:338:7)
SERVER LOG:
(node:43846) ExperimentalWarning: localStorage is not available because --localstorage-file was not provided.
(Use `node --trace-warnings ...` to show where the warning was created)
[1;41;97m[tldraw][m [31;1mYou have multiple instances of some tldraw libraries active. This can lead to bugs and unexpected behavior. [m

This usually means that your bundler is misconfigured, and is importing the same library multiple times - usually once as an ES Module, and once as a CommonJS module.

The following libraries have been imported multiple times:
  • ❌ [1m@tldraw/utils[m v5.2.0: 
      1. ES Modules
      2. ES Modules
  • ❌ [1m@tldraw/state[m v5.2.0: 
      1. ES Modules
      2. ES Modules
  • ❌ [1m@tldraw/store[m v5.2.0: 
      1. ES Modules
      2. ES Modules
  • ❌ [1m@tldraw/validate[m v5.2.0: 
      1. ES Modules
      2. ES Modules
  • ❌ [1m@tldraw/tlschema[m v5.2.0: 
      1. ES Modules
      2. ES Modules

You should configure your bundler to only import one version of each library.
[env] Failed to load .env: ENOENT: no such file or directory, open '/Users/skip/work/tlda/.env'
[fleet-store] default-subscriptions-v1: 0 agent(s) given the default subscription
[lag-profiler] sampling every 1000us, dumping stalls over 250ms to /tmp/delegate-spawn-shell-e2e-config-43811/lag-profiles
[fleet-store] default-subscriptions-v2: 0 agent(s) given the default subscription
[fleet-store] default-subscriptions-v3: 0 agent(s) given the default subscription
[fleet-store] self-subscriptions-v1: 0 agent(s) given the self subscription
[fleet-store] mandatory-mint-slots-v1: 0 slot(s) marked mandatory
[tls] SNI enabled — localhost→mkcert, others→tailnet cert (/Users/skip/.config/tlda/tailnet.pem)
[qualification] loaded 10 rules
[config] active="test" database=https://localhost:6018 store=https://localhost:6018 license=none
Unified server running on https://0.0.0.0:6018
  TLS: /Users/skip/.config/tlda/localhost+2.pem
  Projects: /Users/skip/work/tlda/server/projects
  Viewer SPA: /Users/skip/work/tlda/dist
[gate1-trace] hello-accepted {"ts":"2026-08-22T19:57:27.568Z","daemon_key":"delegate-e2e-box:test","boot_id":1787428647531,"ws_session_id":"daemon-mt4sv796"}
[session-history-index] building idx_session_entries_ts on /tmp/delegate-spawn-shell-e2e-43811.db — the fleet keeps serving reads; writes wait
[session-history-index] built in 0.01s
[gate1-trace] registry-set {"ts":"2026-08-22T19:57:27.721Z","daemon_key":"delegate-e2e-box:test","boot_id":1787428647531,"ws_session_id":"daemon-mt4sv796","readback_ok":true}
[gate1-trace] welcome-sent {"ts":"2026-08-22T19:57:27.723Z","daemon_key":"delegate-e2e-box:test","boot_id":1787428647531,"connection_attempt_id":null,"ws_session_id":"daemon-mt4sv796","ok":true}
[fleet-daemon] connected: daemon=delegate-e2e-box:test user=test@delegate-e2e-box v=test boot_id=1787428647531
[event-loop-lag] max=168.3ms mean=32.6ms
[ws-close] kind=fleet code=1005 identity=fleet:82c258a9 reason= lag_max=168.3ms lag_mean=32.6ms
[ws-close] kind=fleet code=1005 identity=fleet:ffdf438c reason= lag_max=168.3ms lag_mean=32.6ms

✖ bin/delegate-spawn-shell-e2e-test.mjs (22984.892125ms)
ℹ tests 1
ℹ suites 0
ℹ pass 0
ℹ fail 1
ℹ cancelled 0
ℹ skipped 0
ℹ todo 0
ℹ duration_ms 23014.236334

✖ failing tests:

test at bin/delegate-spawn-shell-e2e-test.mjs:1:1
✖ bin/delegate-spawn-shell-e2e-test.mjs (22984.892125ms)
  'test failed'

==============================================================================
FAIL exit 1 bin/delegate-spawn-shell-reservation-test.mjs (12.5s) load@start=6.75 servers=0
[spawn-trace] identity-ws {"ts":"2026-08-22T19:57:34.080Z","type":"reserve-shell","requestId":"agent-launch-identity:reserve-shell:194d4070-296f-429b-ab02-6d5275a5bc98","wsPeer":"fleet:delayed-ack","attempt":1,"stage":"connect","ok":true}
[spawn-trace] identity-ws {"ts":"2026-08-22T19:57:34.169Z","type":"reserve-shell","requestId":"agent-launch-identity:reserve-shell:194d4070-296f-429b-ab02-6d5275a5bc98","wsPeer":"fleet:delayed-ack","attempt":1,"stage":"ack","ok":true}
[spawn-trace] identity-ws {"ts":"2026-08-22T19:57:34.182Z","type":"subscribe","requestId":"agent-launch-subscribe:fleet:delayed-ack:to:me","wsPeer":"fleet:delayed-ack","attempt":1,"stage":"connect","ok":true}
[spawn-trace] identity-ws {"ts":"2026-08-22T19:57:34.261Z","type":"subscribe","requestId":"agent-launch-subscribe:fleet:delayed-ack:to:me","wsPeer":"fleet:delayed-ack","attempt":1,"stage":"ack","ok":true}
[spawn-trace] identity-ws {"ts":"2026-08-22T19:57:34.265Z","type":"subscribe","requestId":"agent-launch-subscribe:fleet:delayed-ack:to:my_labels","wsPeer":"fleet:delayed-ack","attempt":1,"stage":"connect","ok":true}
[spawn-trace] identity-ws {"ts":"2026-08-22T19:57:34.345Z","type":"subscribe","requestId":"agent-launch-subscribe:fleet:delayed-ack:to:my_labels","wsPeer":"fleet:delayed-ack","attempt":1,"stage":"ack","ok":true}
PASS: delayed reserve-shell ack succeeds with caller timeout
[spawn-trace] identity-ws {"ts":"2026-08-22T19:57:34.388Z","type":"reserve-shell","requestId":"agent-launch-identity:reserve-shell:7cb0fabb-2058-4735-b63d-296350abcb83","wsPeer":"fleet:lost-ack","attempt":1,"stage":"connect","ok":true}
[spawn-trace] identity-ws {"ts":"2026-08-22T19:57:34.419Z","type":"reserve-shell","requestId":"agent-launch-identity:reserve-shell:7cb0fabb-2058-4735-b63d-296350abcb83","wsPeer":"fleet:lost-ack","attempt":1,"stage":"ack","ok":false,"error":"reserve-shell timed out waiting for shell reservation ack from ws://127.0.0.1:57992/ws/fleet?agent=fleet%3Alost-ack","timeoutMs":30}
[spawn-trace] identity-ws {"ts":"2026-08-22T19:57:34.425Z","type":"reserve-shell","requestId":"agent-launch-identity:reserve-shell:7cb0fabb-2058-4735-b63d-296350abcb83","wsPeer":"fleet:lost-ack","attempt":2,"stage":"connect","ok":true}
[spawn-trace] identity-ws {"ts":"2026-08-22T19:57:44.426Z","type":"reserve-shell","requestId":"agent-launch-identity:reserve-shell:7cb0fabb-2058-4735-b63d-296350abcb83","wsPeer":"fleet:lost-ack","attempt":2,"stage":"ack","ok":false,"error":"reserve-shell timed out waiting for shell reservation ack from ws://127.0.0.1:57992/ws/fleet?agent=fleet%3Alost-ack","timeoutMs":10000}
PASS: lost reserve-shell ack fails deterministically
[spawn-trace] identity-ws {"ts":"2026-08-22T19:57:44.454Z","type":"reserve-shell","requestId":"agent-launch-identity:reserve-shell:ddced2f5-0317-446b-816b-514d4aa0a054","wsPeer":"fleet:duplicate-ack","attempt":1,"stage":"connect","ok":true}
[spawn-trace] identity-ws {"ts":"2026-08-22T19:57:44.458Z","type":"reserve-shell","requestId":"agent-launch-identity:reserve-shell:ddced2f5-0317-446b-816b-514d4aa0a054","wsPeer":"fleet:duplicate-ack","attempt":1,"stage":"ack","ok":true}
[spawn-trace] identity-ws {"ts":"2026-08-22T19:57:44.460Z","type":"subscribe","requestId":"agent-launch-subscribe:fleet:duplicate-ack:to:me","wsPeer":"fleet:duplicate-ack","attempt":1,"stage":"connect","ok":true}
[spawn-trace] identity-ws {"ts":"2026-08-22T19:57:44.461Z","type":"subscribe","requestId":"agent-launch-subscribe:fleet:duplicate-ack:to:me","wsPeer":"fleet:duplicate-ack","attempt":1,"stage":"ack","ok":true}
[spawn-trace] identity-ws {"ts":"2026-08-22T19:57:44.464Z","type":"subscribe","requestId":"agent-launch-subscribe:fleet:duplicate-ack:to:my_labels","wsPeer":"fleet:duplicate-ack","attempt":1,"stage":"connect","ok":true}
[spawn-trace] identity-ws {"ts":"2026-08-22T19:57:44.464Z","type":"subscribe","requestId":"agent-launch-subscribe:fleet:duplicate-ack:to:my_labels","wsPeer":"fleet:duplicate-ack","attempt":1,"stage":"ack","ok":true}
PASS: duplicate reserve-shell ack resolves once
node:internal/modules/run_main:107
    triggerUncaughtException(
    ^

AssertionError [ERR_ASSERTION]: The input did not match the regular expression /server shell reservation required/. Input:

'compiled permission set is required'

    at assertRejectsWith (file:///Users/skip/work/tlda/bin/delegate-spawn-shell-reservation-test.mjs:112:12)
    at process.processTicksAndRejections (node:internal/process/task_queues:104:5)
    at async testLauncherReservationGate (file:///Users/skip/work/tlda/bin/delegate-spawn-shell-reservation-test.mjs:220:27)
    at async file:///Users/skip/work/tlda/bin/delegate-spawn-shell-reservation-test.mjs:265:1 {
  generatedMessage: true,
  code: 'ERR_ASSERTION',
  actual: 'compiled permission set is required',
  expected: /server shell reservation required/,
  operator: 'match',
  diff: 'simple'
}

Node.js v26.3.1
✖ bin/delegate-spawn-shell-reservation-test.mjs (12168.057958ms)
ℹ tests 1
ℹ suites 0
ℹ pass 0
ℹ fail 1
ℹ cancelled 0
ℹ skipped 0
ℹ todo 0
ℹ duration_ms 12199.313458

✖ failing tests:

test at bin/delegate-spawn-shell-reservation-test.mjs:1:1
✖ bin/delegate-spawn-shell-reservation-test.mjs (12168.057958ms)
  'test failed'

==============================================================================
FAIL exit 1 bin/doctor-yolo-seat-binding-regression-test.mjs (2.5s) load@start=6.92 servers=0
node:internal/modules/run_main:107
    triggerUncaughtException(
    ^

AssertionError [ERR_ASSERTION]: thrown bind/readback failure must remove the local ledger row
+ actual - expected

+ {
+   boundAt: '2026-08-22T19:57:47.457Z',
+   conversation: {
+     harness: null,
+     model: null,
+     sessionId: null
+   },
+   createdAt: '2026-08-22T19:57:47.457Z',
+   friendlyName: 'doctor-yolo-test',
+   localAgentId: 'local:doctor-yolo-test',
+   process: {
+     cwd: '/tmp/tlda-doctor-yolo-test',
+     permissionGrant: null,
+     tmuxName: 'fleet-doctor-yolo-test'
+   },
+   serverAgentId: 'fleet:doctor-yolo-test'
+ }
- null

    at testThrownBindingRunsFullFreshCleanupAndRemovesSeededGrant (file:///Users/skip/work/tlda/bin/doctor-yolo-seat-binding-regression-test.mjs:100:12)
    at async file:///Users/skip/work/tlda/bin/doctor-yolo-seat-binding-regression-test.mjs:141:1 {
  generatedMessage: false,
  code: 'ERR_ASSERTION',
  actual: {
    localAgentId: 'local:doctor-yolo-test',
    serverAgentId: 'fleet:doctor-yolo-test',
    friendlyName: 'doctor-yolo-test',
    createdAt: '2026-08-22T19:57:47.457Z',
    boundAt: '2026-08-22T19:57:47.457Z',
    conversation: { sessionId: null, harness: null, model: null },
    process: {
      tmuxName: 'fleet-doctor-yolo-test',
      cwd: '/tmp/tlda-doctor-yolo-test',
      permissionGrant: null
    }
  },
  expected: null,
  operator: 'strictEqual',
  diff: 'simple'
}

Node.js v26.3.1
✖ bin/doctor-yolo-seat-binding-regression-test.mjs (2140.662834ms)
ℹ tests 1
ℹ suites 0
ℹ pass 0
ℹ fail 1
ℹ cancelled 0
ℹ skipped 0
ℹ todo 0
ℹ duration_ms 2185.600125

✖ failing tests:

test at bin/doctor-yolo-seat-binding-regression-test.mjs:1:1
✖ bin/doctor-yolo-seat-binding-regression-test.mjs (2140.662834ms)
  'test failed'

==============================================================================
FAIL exit 1 bin/inbox-notes-test.mjs (4.6s) load@start=6.69 servers=0
node:internal/modules/run_main:107
    triggerUncaughtException(
    ^

page.goto: net::ERR_CONNECTION_REFUSED at https://localhost:5190/?project=ribbon-test&name=tester&pw=1
Call log:
[2m  - navigating to "https://localhost:5190/?project=ribbon-test&name=tester&pw=1", waiting until "domcontentloaded"[22m

    at /Users/skip/work/tlda/bin/inbox-notes-test.mjs:31:12 {
  log: [
    '  - navigating to "https://localhost:5190/?project=ribbon-test&name=tester&pw=1", waiting until "domcontentloaded"'
  ],
  name: 'Error'
}

Node.js v26.3.1
✖ bin/inbox-notes-test.mjs (4170.802708ms)
ℹ tests 1
ℹ suites 0
ℹ pass 0
ℹ fail 1
ℹ cancelled 0
ℹ skipped 0
ℹ todo 0
ℹ duration_ms 4196.972458

✖ failing tests:

test at bin/inbox-notes-test.mjs:1:1
✖ bin/inbox-notes-test.mjs (4170.802708ms)
  'test failed'

==============================================================================
FAIL exit 1 bin/inbox-structural-test.mjs (4.1s) load@start=7.28 servers=1
node:internal/modules/run_main:107
    triggerUncaughtException(
    ^

page.goto: net::ERR_CONNECTION_REFUSED at https://localhost:5191/?project=balancing-act&name=tester&pw=1
Call log:
[2m  - navigating to "https://localhost:5191/?project=balancing-act&name=tester&pw=1", waiting until "domcontentloaded"[22m

    at /Users/skip/work/tlda/bin/inbox-structural-test.mjs:31:12 {
  log: [
    '  - navigating to "https://localhost:5191/?project=balancing-act&name=tester&pw=1", waiting until "domcontentloaded"'
  ],
  name: 'Error'
}

Node.js v26.3.1
✖ bin/inbox-structural-test.mjs (3751.277334ms)
ℹ tests 1
ℹ suites 0
ℹ pass 0
ℹ fail 1
ℹ cancelled 0
ℹ skipped 0
ℹ todo 0
ℹ duration_ms 3784.316916

✖ failing tests:

test at bin/inbox-structural-test.mjs:1:1
✖ bin/inbox-structural-test.mjs (3751.277334ms)
  'test failed'

==============================================================================
FAIL exit 1 bin/inbox-typed-rows-test.mjs (4.2s) load@start=7.57 servers=1
node:internal/modules/run_main:107
    triggerUncaughtException(
    ^

page.goto: net::ERR_CONNECTION_REFUSED at https://localhost:5190/?project=ribbon-test&name=tester&pw=1
Call log:
[2m  - navigating to "https://localhost:5190/?project=ribbon-test&name=tester&pw=1", waiting until "domcontentloaded"[22m

    at /Users/skip/work/tlda/bin/inbox-typed-rows-test.mjs:25:12 {
  log: [
    '  - navigating to "https://localhost:5190/?project=ribbon-test&name=tester&pw=1", waiting until "domcontentloaded"'
  ],
  name: 'Error'
}

Node.js v26.3.1
✖ bin/inbox-typed-rows-test.mjs (3783.271291ms)
ℹ tests 1
ℹ suites 0
ℹ pass 0
ℹ fail 1
ℹ cancelled 0
ℹ skipped 0
ℹ todo 0
ℹ duration_ms 3810.68875

✖ failing tests:

test at bin/inbox-typed-rows-test.mjs:1:1
✖ bin/inbox-typed-rows-test.mjs (3783.271291ms)
  'test failed'

==============================================================================
FAIL exit 1 bin/literate-story-extractor-test.mjs (6.4s) load@start=7.69 servers=1
node:internal/modules/run_main:107
    triggerUncaughtException(
    ^

AssertionError [ERR_ASSERTION]: the converted collaborator test was not discovered as a literate story source
    at file:///Users/skip/work/tlda/bin/literate-story-extractor-test.mjs:20:8
    at ModuleJob.run (node:internal/modules/esm/module_job:439:25)
    at async onImport.tracePromise.__proto__ (node:internal/modules/esm/loader:646:26)
    at async asyncRunEntryPointWithESMLoader (node:internal/modules/run_main:101:5) {
  generatedMessage: false,
  code: 'ERR_ASSERTION',
  actual: false,
  expected: true,
  operator: '==',
  diff: 'simple'
}

Node.js v26.3.1
✖ bin/literate-story-extractor-test.mjs (5768.815875ms)
ℹ tests 1
ℹ suites 0
ℹ pass 0
ℹ fail 1
ℹ cancelled 0
ℹ skipped 0
ℹ todo 0
ℹ duration_ms 5831.180416

✖ failing tests:

test at bin/literate-story-extractor-test.mjs:1:1
✖ bin/literate-story-extractor-test.mjs (5768.815875ms)
  'test failed'

==============================================================================
FAIL exit 1 bin/login-preserves-binding-regression-test.mjs (3.1s) load@start=7.47 servers=1
node:internal/modules/run_main:107
    triggerUncaughtException(
    ^

AssertionError [ERR_ASSERTION]: missing // Persist permissionGrant ATOMICALLY
    at sliceBetween (file:///Users/skip/work/tlda/bin/login-preserves-binding-regression-test.mjs:14:10)
    at file:///Users/skip/work/tlda/bin/login-preserves-binding-regression-test.mjs:25:23
    at ModuleJob.run (node:internal/modules/esm/module_job:439:25)
    at async onImport.tracePromise.__proto__ (node:internal/modules/esm/loader:646:26)
    at async asyncRunEntryPointWithESMLoader (node:internal/modules/run_main:101:5) {
  generatedMessage: false,
  code: 'ERR_ASSERTION',
  actual: -1,
  expected: -1,
  operator: 'notStrictEqual',
  diff: 'simple'
}

Node.js v26.3.1
✖ bin/login-preserves-binding-regression-test.mjs (1209.087625ms)
ℹ tests 1
ℹ suites 0
ℹ pass 0
ℹ fail 1
ℹ cancelled 0
ℹ skipped 0
ℹ todo 0
ℹ duration_ms 1729.657959

✖ failing tests:

test at bin/login-preserves-binding-regression-test.mjs:1:1
✖ bin/login-preserves-binding-regression-test.mjs (1209.087625ms)
  'test failed'

==============================================================================
FAIL exit 1 bin/mint-seat-retry-real-daemon-test.mjs (64.4s) load@start=7.03 servers=1
(node:48633) Warning: Setting the NODE_TLS_REJECT_UNAUTHORIZED environment variable to '0' makes TLS connections and HTTPS requests insecure by disabling certificate verification.
(Use `node --trace-warnings ...` to show where the warning was created)
FAIL: server never became healthy
SERVER LOG:
(node:48647) ExperimentalWarning: localStorage is not available because --localstorage-file was not provided.
(Use `node --trace-warnings ...` to show where the warning was created)
[1;41;97m[tldraw][m [31;1mYou have multiple instances of some tldraw libraries active. This can lead to bugs and unexpected behavior. [m

This usually means that your bundler is misconfigured, and is importing the same library multiple times - usually once as an ES Module, and once as a CommonJS module.

The following libraries have been imported multiple times:
  • ❌ [1m@tldraw/utils[m v5.2.0: 
      1. ES Modules
      2. ES Modules
  • ❌ [1m@tldraw/state[m v5.2.0: 
      1. ES Modules
      2. ES Modules
  • ❌ [1m@tldraw/store[m v5.2.0: 
      1. ES Modules
      2. ES Modules
  • ❌ [1m@tldraw/validate[m v5.2.0: 
      1. ES Modules
      2. ES Modules
  • ❌ [1m@tldraw/tlschema[m v5.2.0: 
      1. ES Modules
      2. ES Modules

You should configure your bundler to only import one version of each library.

✖ bin/mint-seat-retry-real-daemon-test.mjs (63412.556458ms)
ℹ tests 1
ℹ suites 0
ℹ pass 0
ℹ fail 1
ℹ cancelled 0
ℹ skipped 0
ℹ todo 0
ℹ duration_ms 63484.092875

✖ failing tests:

test at bin/mint-seat-retry-real-daemon-test.mjs:1:1
✖ bin/mint-seat-retry-real-daemon-test.mjs (63412.556458ms)
  'test failed'

==============================================================================
FAIL exit 1 bin/mirror-failure-visible-test.mjs (1.8s) load@start=5.44 servers=1
node:internal/modules/run_main:107
    triggerUncaughtException(
    ^

AssertionError [ERR_ASSERTION]: mirrorAcceptedRevision is gone from server/routes/projects.mjs — the accept no longer mirrors
    at file:///Users/skip/work/tlda/bin/mirror-failure-visible-test.mjs:37:8
    at ModuleJob.run (node:internal/modules/esm/module_job:439:25)
    at async onImport.tracePromise.__proto__ (node:internal/modules/esm/loader:646:26)
    at async asyncRunEntryPointWithESMLoader (node:internal/modules/run_main:101:5) {
  generatedMessage: false,
  code: 'ERR_ASSERTION',
  actual: false,
  expected: true,
  operator: '==',
  diff: 'simple'
}

Node.js v26.3.1
✖ bin/mirror-failure-visible-test.mjs (1116.289625ms)
ℹ tests 1
ℹ suites 0
ℹ pass 0
ℹ fail 1
ℹ cancelled 0
ℹ skipped 0
ℹ todo 0
ℹ duration_ms 1143.138125

✖ failing tests:

test at bin/mirror-failure-visible-test.mjs:1:1
✖ bin/mirror-failure-visible-test.mjs (1116.289625ms)
  'test failed'

==============================================================================
TIMEOUT bin/one-file-out-of-a-big-book-test.mjs (120.1s) load@start=5.44 servers=0
Interrupted while running:

⚠ bin/one-file-out-of-a-big-book-test.mjs (bin/one-file-out-of-a-big-book-test.mjs:1:1)
✖ bin/one-file-out-of-a-big-book-test.mjs (119564.532667ms)
ℹ tests 1
ℹ suites 0
ℹ pass 0
ℹ fail 0
ℹ cancelled 1
ℹ skipped 0
ℹ todo 0
ℹ duration_ms 119648.574459

✖ failing tests:

test at bin/one-file-out-of-a-big-book-test.mjs:1:1
✖ bin/one-file-out-of-a-big-book-test.mjs (119564.532667ms)
  'Promise resolution is still pending but the event loop has already resolved'

==============================================================================
FAIL exit 1 bin/replica-command-not-retained-test.mjs (1.8s) load@start=6.30 servers=0
file:///Users/skip/work/tlda/bin/replica-command-not-retained-test.mjs:40
  const bootstrap = store.bootstrap({
                          ^

TypeError: store.bootstrap is not a function
    at file:///Users/skip/work/tlda/bin/replica-command-not-retained-test.mjs:40:27
    at ModuleJob.run (node:internal/modules/esm/module_job:439:25)
    at async onImport.tracePromise.__proto__ (node:internal/modules/esm/loader:646:26)
    at async asyncRunEntryPointWithESMLoader (node:internal/modules/run_main:101:5)

Node.js v26.3.1
✖ bin/replica-command-not-retained-test.mjs (1296.952833ms)
ℹ tests 1
ℹ suites 0
ℹ pass 0
ℹ fail 1
ℹ cancelled 0
ℹ skipped 0
ℹ todo 0
ℹ duration_ms 1328.822792

✖ failing tests:

test at bin/replica-command-not-retained-test.mjs:1:1
✖ bin/replica-command-not-retained-test.mjs (1296.952833ms)
  'test failed'

==============================================================================
FAIL exit 1 bin/ribbon-inbox-test.mjs (9.8s) load@start=5.88 servers=0
node:internal/modules/run_main:107
    triggerUncaughtException(
    ^

page.goto: net::ERR_CONNECTION_REFUSED at https://localhost:5179/?project=ribbon-test&name=tester&pw=1
Call log:
[2m  - navigating to "https://localhost:5179/?project=ribbon-test&name=tester&pw=1", waiting until "domcontentloaded"[22m

    at /Users/skip/work/tlda/bin/ribbon-inbox-test.mjs:28:12 {
  log: [
    '  - navigating to "https://localhost:5179/?project=ribbon-test&name=tester&pw=1", waiting until "domcontentloaded"'
  ],
  name: 'Error'
}

Node.js v26.3.1
✖ bin/ribbon-inbox-test.mjs (9463.1245ms)
ℹ tests 1
ℹ suites 0
ℹ pass 0
ℹ fail 1
ℹ cancelled 0
ℹ skipped 0
ℹ todo 0
ℹ duration_ms 9488.556

✖ failing tests:

test at bin/ribbon-inbox-test.mjs:1:1
✖ bin/ribbon-inbox-test.mjs (9463.1245ms)
  'test failed'

==============================================================================
FAIL exit 1 bin/semantic-operation-render-test.mjs (1.4s) load@start=5.51 servers=0
node:internal/modules/run_main:107
    triggerUncaughtException(
    ^

AssertionError [ERR_ASSERTION]: The input did not match the regular expression /Open thread/. Input:

'<div class="chat-activity-card will-fold" data-agent="fleet:test" data-ts="2026-07-30T00:00:00.000Z" data-msg-id="" data-jsonl-ts="2026-07-30T00:00:00.000Z">\n' +
  '    <div class="drag-handle" title="Drag"></div>\n' +
  '    <div class="activity-header">\n' +
  '      <span class="activity-agent ">fleet:test</span>\n' +
  '      <span class="activity-last-tool">mcp__tlda__thread: agent: pretty, types: [&quot;chat&quot;], page_size: 20</span>\n' +
  '      \n' +
  '      <span class="activity-signal"></span>\n' +
  '      \n' +
  '    </div>\n' +
  '    <div class="activity-detail"><span class="activity-badge"><span class="activity-agent ">fleet:test</span> <span class="activity-signal"></span></span><div class="activity-detail-inner"><div class="tool-run-card" data-card-id="tr-6ff18p">\n' +
  '      <div class="tool-run-body"><div class="tool-line" data-line="1" data-tool-name="mcp__tlda__thread" data-tool-arg="pretty"><span class="drag-handle" title="Drag tool call"></span><span class="tool-linenum">1</span><span class="tool-name">mcp__tlda__thread</span><span class="tool-sep">:</span> <span class="tool-arg">agent: pretty, types: [&quot;chat&quot;], page_size: 20</span></div><div class="semantic-operation-body" data-semantic-key="{&quot;agent&quot;:&quot;pretty&quot;,&quot;caller&quot;:&quot;fleet:test&quot;,&quot;filterExpression&quot;:&quot;pretty&quot;,&quot;kind&quot;:&quot;thread&quot;,&quot;project&quot;:&quot;&quot;,&quot;query&quot;:&quot;&quot;,&quot;role&quot;:&quot;&quot;,&quot;task_id&quot;:&quot;&quot;,&quot;type&quot;:&quot;&quot;,&quot;types&quot;:[&quot;chat&quot;],&quot;view&quot;:{&quot;agent&quot;:&quot;pretty&quot;,&quot;types&quot;:[&quot;chat&quot;]}}" data-semantic-operation="{&quot;descriptorShape&quot;:&quot;SemanticChatOperationDescriptor&quot;,&quot;kind&quot;:&quot;thread&quot;,&quot;caller&quot;:&quot;fleet:test&quot;,&quot;tool&quot;:&quot;mcp__tlda__thread&quot;,&quot;arg&quot;:&quot;pretty&quot;,&quot;query&quot;:&quot;&quot;,&quot;filterExpression&quot;:&quot;pretty&quot;,&quot;view&quot;:{&quot;agent&quot;:&quot;pretty&quot;,&quot;types&quot;:[&quot;chat&quot;]},&quot;inspected&quot;:{&quot;page_size&quot;:20},&quot;semanticKey&quot;:&quot;{\\&quot;agent\\&quot;:\\&quot;pretty\\&quot;,\\&quot;caller\\&quot;:\\&quot;fleet:test\\&quot;,\\&quot;filterExpression\\&quot;:\\&quot;pretty\\&quot;,\\&quot;kind\\&quot;:\\&quot;thread\\&quot;,\\&quot;project\\&quot;:\\&quot;\\&quot;,\\&quot;query\\&quot;:\\&quot;\\&quot;,\\&quot;role\\&quot;:\\&quot;\\&quot;,\\&quot;task_id\\&quot;:\\&quot;\\&quot;,\\&quot;type\\&quot;:\\&quot;\\&quot;,\\&quot;types\\&quot;:[\\&quot;chat\\&quot;],\\&quot;view\\&quot;:{\\&quot;agent\\&quot;:\\&quot;pretty\\&quot;,\\&quot;types\\&quot;:[\\&quot;chat\\&quot;]}}&quot;,&quot;generatedAt&quot;:&quot;2026-07-30T00:00:00.000Z&quot;}"></div></div>\n' +
  '    </div></div></div>\n' +
  '  </div>'

    at file:///Users/skip/work/tlda/bin/semantic-operation-render-test.mjs:20:8
    at ModuleJob.run (node:internal/modules/esm/module_job:439:25)
    at async onImport.tracePromise.__proto__ (node:internal/modules/esm/loader:646:26)
    at async asyncRunEntryPointWithESMLoader (node:internal/modules/run_main:101:5) {
  generatedMessage: true,
  code: 'ERR_ASSERTION',
  actual: '<div class="chat-activity-card will-fold" data-agent="fleet:test" data-ts="2026-07-30T00:00:00.000Z" data-msg-id="" data-jsonl-ts="2026-07-30T00:00:00.000Z">\n' +
    '    <div class="drag-handle" title="Drag"></div>\n' +
    '    <div class="activity-header">\n' +
    '      <span class="activity-agent ">fleet:test</span>\n' +
    '      <span class="activity-last-tool">mcp__tlda__thread: agent: pretty, types: [&quot;chat&quot;], page_size: 20</span>\n' +
    '      \n' +
    '      <span class="activity-signal"></span>\n' +
    '      \n' +
    '    </div>\n' +
    '    <div class="activity-detail"><span class="activity-badge"><span class="activity-agent ">fleet:test</span> <span class="activity-signal"></span></span><div class="activity-detail-inner"><div class="tool-run-card" data-card-id="tr-6ff18p">\n' +
    '      <div class="tool-run-body"><div class="tool-line" data-line="1" data-tool-name="mcp__tlda__thread" data-tool-arg="pretty"><span class="drag-handle" title="Drag tool call"></span><span class="tool-linenum">1</span><span class="tool-name">mcp__tlda__thread</span><span class="tool-sep">:</span> <span class="tool-arg">agent: pretty, types: [&quot;chat&quot;], page_size: 20</span></div><div class="semantic-operation-body" data-semantic-key="{&quot;agent&quot;:&quot;pretty&quot;,&quot;caller&quot;:&quot;fleet:test&quot;,&quot;filterExpression&quot;:&quot;pretty&quot;,&quot;kind&quot;:&quot;thread&quot;,&quot;project&quot;:&quot;&quot;,&quot;query&quot;:&quot;&quot;,&quot;role&quot;:&quot;&quot;,&quot;task_id&quot;:&quot;&quot;,&quot;type&quot;:&quot;&quot;,&quot;types&quot;:[&quot;chat&quot;],&quot;view&quot;:{&quot;agent&quot;:&quot;pretty&quot;,&quot;types&quot;:[&quot;chat&quot;]}}" data-semantic-operation="{&quot;descriptorShape&quot;:&quot;SemanticChatOperationDescriptor&quot;,&quot;kind&quot;:&quot;thread&quot;,&quot;caller&quot;:&quot;fleet:test&quot;,&quot;tool&quot;:&quot;mcp__tlda__thread&quot;,&quot;arg&quot;:&quot;pretty&quot;,&quot;query&quot;:&quot;&quot;,&quot;filterExpression&quot;:&quot;pretty&quot;,&quot;view&quot;:{&quot;agent&quot;:&quot;pretty&quot;,&quot;types&quot;:[&quot;chat&quot;]},&quot;inspected&quot;:{&quot;page_size&quot;:20},&quot;semanticKey&quot;:&quot;{\\&quot;agent\\&quot;:\\&quot;pretty\\&quot;,\\&quot;caller\\&quot;:\\&quot;fleet:test\\&quot;,\\&quot;filterExpression\\&quot;:\\&quot;pretty\\&quot;,\\&quot;kind\\&quot;:\\&quot;thread\\&quot;,\\&quot;project\\&quot;:\\&quot;\\&quot;,\\&quot;query\\&quot;:\\&quot;\\&quot;,\\&quot;role\\&quot;:\\&quot;\\&q

==============================================================================
FAIL exit 1 bin/server-originated-claude-mint-real-daemon-test.mjs (63.1s) load@start=5.51 servers=0
(node:65256) Warning: Setting the NODE_TLS_REJECT_UNAUTHORIZED environment variable to '0' makes TLS connections and HTTPS requests insecure by disabling certificate verification.
(Use `node --trace-warnings ...` to show where the warning was created)
FAIL: real daemon did not connect
SERVER LOG:
(node:65480) ExperimentalWarning: localStorage is not available because --localstorage-file was not provided.
(Use `node --trace-warnings ...` to show where the warning was created)
[1;41;97m[tldraw][m [31;1mYou have multiple instances of some tldraw libraries active. This can lead to bugs and unexpected behavior. [m

This usually means that your bundler is misconfigured, and is importing the same library multiple times - usually once as an ES Module, and once as a CommonJS module.

The following libraries have been imported multiple times:
  • ❌ [1m@tldraw/utils[m v5.2.0: 
      1. ES Modules
      2. ES Modules
  • ❌ [1m@tldraw/state[m v5.2.0: 
      1. ES Modules
      2. ES Modules
  • ❌ [1m@tldraw/store[m v5.2.0: 
      1. ES Modules
      2. ES Modules
  • ❌ [1m@tldraw/validate[m v5.2.0: 
      1. ES Modules
      2. ES Modules
  • ❌ [1m@tldraw/tlschema[m v5.2.0: 
      1. ES Modules
      2. ES Modules

You should configure your bundler to only import one version of each library.
[env] Failed to load .env: ENOENT: no such file or directory, open '/Users/skip/work/tlda/.env'
[fleet-store] default-subscriptions-v1: 0 agent(s) given the default subscription
[lag-profiler] sampling every 1000us, dumping stalls over 250ms to /tmp/server-originated-claude-mint-config-65256/lag-profiles
[fleet-store] default-subscriptions-v2: 0 agent(s) given the default subscription
[fleet-store] default-subscriptions-v3: 0 agent(s) given the default subscription
[fleet-store] self-subscriptions-v1: 0 agent(s) given the self subscription
[fleet-store] mandatory-mint-slots-v1: 0 slot(s) marked mandatory
[tls] SNI enabled — localhost→mkcert, others→tailnet cert (/Users/skip/.config/tlda/tailnet.pem)
[qualification] loaded 10 rules
[config] active="test" database=https://localhost:6863 store=https://localhost:6863 license=none
Unified server running on https://0.0.0.0:6863
  TLS: /Users/skip/.config/tlda/localhost+2.pem
  Projects: /tmp/server-originated-claude-mint-config-65256/projects
  Viewer SPA: /Users/skip/work/tlda/dist
[event-loop-lag] max=134.0ms mean=30.6ms
[session-history-index] building idx_session_entries_ts on /tmp/server-originated-claude-mint-65256.db — the fleet keeps serving reads; writes wait
[session-history-index] built in 0.00s
[event-loop-lag] max=232.4ms mean=27.3ms
[event-loop-lag] max=213.8ms mean=26.7ms

DAEMON LOG:

✖ bin/server-originated-claude-mint-real-daemon-test.mjs (62638.610541ms)
ℹ tests 1
ℹ suites 0
ℹ pass 0
ℹ fail 1
ℹ cancelled 0
ℹ skipped 0
ℹ todo 0
ℹ duration_ms 62675.030584

✖ failing tests:

test at bin/server-originated-claude-mint-real-daemon-test.mjs:1:1
✖ bin/server-originated-claude-mint-real-daemon-test.mjs (62638.610541ms)
  'test failed'

==============================================================================
FAIL exit 1 bin/source-lifecycle-authority-test.mjs (1.7s) load@start=8.46 servers=0
file:///Users/skip/work/tlda/bin/source-lifecycle-authority-test.mjs:6
import { createSourceLifecycleStore, classifyThreeWay } from '../server/lib/source-lifecycle.mjs'
                                     ^^^^^^^^^^^^^^^^
SyntaxError: The requested module '../server/lib/source-lifecycle.mjs' does not provide an export named 'classifyThreeWay'
    at #asyncInstantiate (node:internal/modules/esm/module_job:327:21)
    at async ModuleJob.run (node:internal/modules/esm/module_job:431:5)
    at async onImport.tracePromise.__proto__ (node:internal/modules/esm/loader:646:26)
    at async asyncRunEntryPointWithESMLoader (node:internal/modules/run_main:101:5)

Node.js v26.3.1
✖ bin/source-lifecycle-authority-test.mjs (1010.004666ms)
ℹ tests 1
ℹ suites 0
ℹ pass 0
ℹ fail 1
ℹ cancelled 0
ℹ skipped 0
ℹ todo 0
ℹ duration_ms 1042.394125

✖ failing tests:

test at bin/source-lifecycle-authority-test.mjs:1:1
✖ bin/source-lifecycle-authority-test.mjs (1010.004666ms)
  'test failed'

==============================================================================
FAIL exit 1 bin/source-restart-mid-edit-test.mjs (50.7s) load@start=8.46 servers=0
TypeError: lifecycle.readAuthority is not a function
    at file:///Users/skip/work/tlda/bin/source-restart-mid-edit-test.mjs:150:39
    at process.processTicksAndRejections (node:internal/process/task_queues:104:5)
✖ bin/source-restart-mid-edit-test.mjs (50154.000375ms)
ℹ tests 1
ℹ suites 0
ℹ pass 0
ℹ fail 1
ℹ cancelled 0
ℹ skipped 0
ℹ todo 0
ℹ duration_ms 50177.116666

✖ failing tests:

test at bin/source-restart-mid-edit-test.mjs:1:1
✖ bin/source-restart-mid-edit-test.mjs (50154.000375ms)
  'test failed'

==============================================================================
FAIL exit 1 bin/spawn-collision-test.mjs (33.6s) load@start=8.20 servers=1
(node:75072) Warning: Setting the NODE_TLS_REJECT_UNAUTHORIZED environment variable to '0' makes TLS connections and HTTPS requests insecure by disabling certificate verification.
(Use `node --trace-warnings ...` to show where the warning was created)
FAIL: server never became healthy.
(node:75126) ExperimentalWarning: localStorage is not available because --localstorage-file was not provided.
(Use `node --trace-warnings ...` to show where the warning was created)
[1;41;97m[tldraw][m [31;1mYou have multiple instances of some tldraw libraries active. This can lead to bugs and unexpected behavior. [m

This usually means that your bundler is misconfigured, and is importing the same library multiple times - usually once as an ES Module, and once as a CommonJS module.

The following libraries have been imported multiple times:
  • ❌ [1m@tldraw/utils[m v5.2.0: 
      1. ES Modules
      2. ES Modules
  • ❌ [1m@tldraw/state[m v5.2.0: 
      1. ES Modules
      2. ES Modules
  • ❌ [1m@tldraw/store[m v5.2.0: 
      1. ES Modules
      2. ES Modules
  • ❌ [1m@tldraw/validate[m v5.2.0: 
      1. ES Modules
      2. ES Modules
  • ❌ [1m@tldraw/tlschema[m v5.2.0: 
      1. ES Modules
      2. ES Modules

You should configure your bundler to only import one version of each library.
[env] Failed to load .env: ENOENT: no such file or directory, open '/Users/skip/work/tlda/.env'
[fleet-store] default-subscriptions-v1: 0 agent(s) given the default subscription
[lag-profiler] sampling every 1000us, dumping stalls over 250ms to /Users/skip/.config/tlda/lag-profiles
[fleet-store] default-subscriptions-v2: 0 agent(s) given the default subscription
[fleet-store] default-subscriptions-v3: 0 agent(s) given the default subscription
[fleet-store] self-subscriptions-v1: 0 agent(s) given the self subscription
[fleet-store] mandatory-mint-slots-v1: 0 slot(s) marked mandatory
[tls] SNI enabled — localhost→mkcert, others→tailnet cert (/Users/skip/.config/tlda/tailnet.pem)
[qualification] loaded 10 rules
[config] active="testing" database=https://tlda-fly.cormorant-matrix.ts.net store=https://tlda-fly.cormorant-matrix.ts.net license=set
[event-loop-lag] max=725.1ms mean=69.6ms
Unified server running on https://0.0.0.0:5265
  TLS: /Users/skip/.config/tlda/localhost+2.pem
  Projects: /Users/skip/work/tlda/server/projects
  Viewer SPA: /Users/skip/work/tlda/dist

✖ bin/spawn-collision-test.mjs (33117.972375ms)
ℹ tests 1
ℹ suites 0
ℹ pass 0
ℹ fail 1
ℹ cancelled 0
ℹ skipped 0
ℹ todo 0
ℹ duration_ms 33156.933167

✖ failing tests:

test at bin/spawn-collision-test.mjs:1:1
✖ bin/spawn-collision-test.mjs (33117.972375ms)
  'test failed'

==============================================================================
FAIL exit 1 bin/spawn-mailbox-outcome-test.mjs (23.9s) load@start=9.74 servers=1
(node:78093) Warning: Setting the NODE_TLS_REJECT_UNAUTHORIZED environment variable to '0' makes TLS connections and HTTPS requests insecure by disabling certificate verification.
(Use `node --trace-warnings ...` to show where the warning was created)
FAIL: server never became healthy: fetch failed
SERVER LOG:
(node:78127) ExperimentalWarning: localStorage is not available because --localstorage-file was not provided.
(Use `node --trace-warnings ...` to show where the warning was created)
[1;41;97m[tldraw][m [31;1mYou have multiple instances of some tldraw libraries active. This can lead to bugs and unexpected behavior. [m

This usually means that your bundler is misconfigured, and is importing the same library multiple times - usually once as an ES Module, and once as a CommonJS module.

The following libraries have been imported multiple times:
  • ❌ [1m@tldraw/utils[m v5.2.0: 
      1. ES Modules
      2. ES Modules
  • ❌ [1m@tldraw/state[m v5.2.0: 
      1. ES Modules
      2. ES Modules
  • ❌ [1m@tldraw/store[m v5.2.0: 
      1. ES Modules
      2. ES Modules
  • ❌ [1m@tldraw/validate[m v5.2.0: 
      1. ES Modules
      2. ES Modules
  • ❌ [1m@tldraw/tlschema[m v5.2.0: 
      1. ES Modules
      2. ES Modules

You should configure your bundler to only import one version of each library.

✖ bin/spawn-mailbox-outcome-test.mjs (22916.111459ms)
ℹ tests 1
ℹ suites 0
ℹ pass 0
ℹ fail 1
ℹ cancelled 0
ℹ skipped 0
ℹ todo 0
ℹ duration_ms 22991.1635

✖ failing tests:

test at bin/spawn-mailbox-outcome-test.mjs:1:1
✖ bin/spawn-mailbox-outcome-test.mjs (22916.111459ms)
  'test failed'

==============================================================================
FAIL exit 1 bin/suggestions-test.mjs (40.1s) load@start=9.38 servers=1
(node:80111) Warning: Setting the NODE_TLS_REJECT_UNAUTHORIZED environment variable to '0' makes TLS connections and HTTPS requests insecure by disabling certificate verification.
(Use `node --trace-warnings ...` to show where the warning was created)
PASS: post + GET + WS broadcast for one agent
PASS: multi-agent flattening
PASS: per-agent clear leaves other agents intact
FAIL: Todd never registered with friendly_name=todd.
Todd log:
[todd] starting (pid 82362) — watching for frustration signals from fleet:skip
(node:82362) Warning: Setting the NODE_TLS_REJECT_UNAUTHORIZED environment variable to '0' makes TLS connections and HTTPS requests insecure by disabling certificate verification.
(Use `node --trace-warnings ...` to show where the warning was created)
[todd] connected to wss://localhost:5305/ws/fleet
[todd] startup after connect failed: login daemon route mismatch: daemon_key mini:testing does not match suggestions-test:suggestions-test
[todd] disconnected, reconnecting in 500ms...
[todd] connected to wss://localhost:5305/ws/fleet
[todd] startup after connect failed: login daemon route mismatch: daemon_key mini:testing does not match suggestions-test:suggestions-test
[todd] disconnected, reconnecting in 1000ms...
[todd] connected to wss://localhost:5305/ws/fleet
[todd] startup after connect failed: login daemon route mismatch: daemon_key mini:testing does not match suggestions-test:suggestions-test
[todd] disconnected, reconnecting in 2000ms...
[todd] connected to wss://localhost:5305/ws/fleet
[todd] startup after connect failed: login daemon route mismatch: daemon_key mini:testing does not match suggestions-test:suggestions-test
[todd] disconnected, reconnecting in 4000ms...
[todd] connected to wss://localhost:5305/ws/fleet
[todd] startup after connect failed: login daemon route mismatch: daemon_key mini:testing does not match suggestions-test:suggestions-test
[todd] disconnected, reconnecting in 5000ms...

✖ bin/suggestions-test.mjs (39177.219375ms)
ℹ tests 1
ℹ suites 0
ℹ pass 0
ℹ fail 1
ℹ cancelled 0
ℹ skipped 0
ℹ todo 0
ℹ duration_ms 39256.665417

✖ failing tests:

test at bin/suggestions-test.mjs:1:1
✖ bin/suggestions-test.mjs (39177.219375ms)
  'test failed'

==============================================================================
FAIL exit 1 bin/timer-routing-regression-test.mjs (1.8s) load@start=9.17 servers=1
node:internal/modules/run_main:107
    triggerUncaughtException(
    ^

AssertionError [ERR_ASSERTION]: Expected values to be strictly deep-equal:
+ actual - expected

  {
    agent: 'fleet:0ae838ad',
+   expires_at: undefined,
    fire_at: '2026-07-20T08:20:00.000Z',
    message: 'check appchief',
+   repeat_seconds: undefined,
+   task_id: undefined,
    to: 'fleet:0ae838ad'
  }

    at file:///Users/skip/work/tlda/bin/timer-routing-regression-test.mjs:51:10 {
  generatedMessage: true,
  code: 'ERR_ASSERTION',
  actual: {
    agent: 'fleet:0ae838ad',
    to: 'fleet:0ae838ad',
    message: 'check appchief',
    fire_at: '2026-07-20T08:20:00.000Z',
    repeat_seconds: undefined,
    expires_at: undefined,
    task_id: undefined
  },
  expected: {
    agent: 'fleet:0ae838ad',
    to: 'fleet:0ae838ad',
    message: 'check appchief',
    fire_at: '2026-07-20T08:20:00.000Z'
  },
  operator: 'deepStrictEqual',
  diff: 'simple'
}

Node.js v26.3.1
✖ bin/timer-routing-regression-test.mjs (1379.350958ms)
ℹ tests 1
ℹ suites 0
ℹ pass 0
ℹ fail 1
ℹ cancelled 0
ℹ skipped 0
ℹ todo 0
ℹ duration_ms 1408.177292

✖ failing tests:

test at bin/timer-routing-regression-test.mjs:1:1
✖ bin/timer-routing-regression-test.mjs (1379.350958ms)
  'test failed'

==============================================================================
FAIL exit 1 bin/two-participant-source-convergence-test.mjs (2.4s) load@start=8.76 servers=1
file:///Users/skip/work/tlda/bin/lib/lifecycle-push-test-helper.mjs:12
  const authority = await lifecycle.readAuthority()
                                    ^

TypeError: lifecycle.readAuthority is not a function
    at push (file:///Users/skip/work/tlda/bin/lib/lifecycle-push-test-helper.mjs:12:37)
    at file:///Users/skip/work/tlda/bin/two-participant-source-convergence-test.mjs:31:22

Node.js v26.3.1
✖ bin/two-participant-source-convergence-test.mjs (1944.04125ms)
ℹ tests 1
ℹ suites 0
ℹ pass 0
ℹ fail 1
ℹ cancelled 0
ℹ skipped 0
ℹ todo 0
ℹ duration_ms 1976.660709

✖ failing tests:

test at bin/two-participant-source-convergence-test.mjs:1:1
✖ bin/two-participant-source-convergence-test.mjs (1944.04125ms)
  'test failed'

==============================================================================
PASS daemon/project-link-git-http.test.mjs (58.4s) load@start=8.76 servers=0
[1;41;97m[tldraw][m [31;1mYou have multiple instances of some tldraw libraries active. This can lead to bugs and unexpected behavior. [m

This usually means that your bundler is misconfigured, and is importing the same library multiple times - usually once as an ES Module, and once as a CommonJS module.

The following libraries have been imported multiple times:
  • ❌ [1m@tldraw/utils[m v5.2.0: 
      1. ES Modules
      2. ES Modules
  • ❌ [1m@tldraw/state[m v5.2.0: 
      1. ES Modules
      2. ES Modules
  • ❌ [1m@tldraw/store[m v5.2.0: 
      1. ES Modules
      2. ES Modules
  • ❌ [1m@tldraw/validate[m v5.2.0: 
      1. ES Modules
      2. ES Modules
  • ❌ [1m@tldraw/tlschema[m v5.2.0: 
      1. ES Modules
      2. ES Modules

You should configure your bundler to only import one version of each library.
hint: Using 'master' as the name for the initial branch. This default branch name
hint: is subject to change. To configure the initial branch name to use in all
hint: of your new repositories, which will suppress this warning, call:
hint:
hint: 	git config --global init.defaultBranch <name>
hint:
hint: Names commonly chosen instead of 'master' are 'main', 'trunk' and
hint: 'development'. The just-created branch can be renamed via this command:
hint:
hint: 	git branch -m <name>
hint:
hint: Disable this message with "git config set advice.defaultBranchName false"
✔ new local project initializes its remote, then materializes only by daemon Git proposal (51883.148333ms)
ℹ tests 1
ℹ suites 0
ℹ pass 1
ℹ fail 0
ℹ cancelled 0
ℹ skipped 0
ℹ todo 0
ℹ duration_ms 57998.334667

==============================================================================
FAIL exit 1 packages/bot/liveness-probe.test.mjs (12.1s) load@start=9.27 servers=0
[probetestbot] starting (pid 88376) on http://fixture.invalid
[probetestbot] connecting to ws://fixture.invalid/ws/fleet (attempt 1)
[probetestbot] connected (attempt 1)
[probetestbot] connected to ws://fixture.invalid/ws/fleet
[probetestbot] liveness probe failed (heartbeat timed out after 10ms) — reconnecting
[probetestbot] closed (undefined ) (attempt 1)
[probetestbot] reconnecting in 3ms
[probetestbot] connecting to ws://fixture.invalid/ws/fleet (attempt 2)
[probetestbot] connected (attempt 2)
[probetestbot] connected to ws://fixture.invalid/ws/fleet
[probetestbot] closed (undefined ) (attempt 2)
[probetestbot] starting (pid 88376) on http://fixture.invalid
[probetestbot] connecting to ws://fixture.invalid/ws/fleet (attempt 1)
[probetestbot] connected (attempt 1)
[probetestbot] connected to ws://fixture.invalid/ws/fleet
✖ an unanswered probe reconnects a socket that is still open (48.92825ms)
[probetestbot] assigned_name=probetestbot canonical=true
[probetestbot] closed (undefined ) (attempt 1)
✔ with the probe disabled, a silent socket is never reconnected (314.390667ms)
[probetestbot] login failed: fetch failed
[probetestbot] login failed: fetch failed
ℹ tests 2
ℹ suites 0
ℹ pass 1
ℹ fail 1
ℹ cancelled 0
ℹ skipped 0
ℹ todo 0
ℹ duration_ms 11674.421292

✖ failing tests:

test at packages/bot/liveness-probe.test.mjs:62:1
✖ an unanswered probe reconnects a socket that is still open (48.92825ms)
  AssertionError [ERR_ASSERTION]: one socket after connect
  
  2 !== 1
  
      at TestContext.<anonymous> (file:///Users/skip/work/tlda/packages/bot/liveness-probe.test.mjs:68:12)
      at async Test.run (node:internal/test_runner/test:1389:7)
      at async startSubtestAfterBootstrap (node:internal/test_runner/harness:387:3) {
    generatedMessage: false,
    code: 'ERR_ASSERTION',
    actual: 2,
    expected: 1,
    operator: 'strictEqual',
    diff: 'simple'
  }

==============================================================================
FAIL exit 1 scripts/chat-history-ordering.test.ts (3.0s) load@start=10.77 servers=0
/Users/skip/work/tlda/src/activeConfig.ts:22
  throw new Error(
        ^

Error: tlda: window.__TLDA_CONFIG__ is missing. The server injects the active config into index.html; this page was not served by a tlda server. There is no fallback by design.
    at <anonymous> (/Users/skip/work/tlda/src/activeConfig.ts:22:9)
    at ModuleJob.run (node:internal/modules/esm/module_job:439:25)
    at async onImport.tracePromise.__proto__ (node:internal/modules/esm/loader:646:26)
    at async asyncRunEntryPointWithESMLoader (node:internal/modules/run_main:101:5)

Node.js v26.3.1
✖ scripts/chat-history-ordering.test.ts (2375.332166ms)
ℹ tests 1
ℹ suites 0
ℹ pass 0
ℹ fail 1
ℹ cancelled 0
ℹ skipped 0
ℹ todo 0
ℹ duration_ms 2434.444333

✖ failing tests:

test at scripts/chat-history-ordering.test.ts:1:1
✖ scripts/chat-history-ordering.test.ts (2375.332166ms)
  'test failed'

==============================================================================
FAIL exit 1 scripts/drag-coordinator-terminal.test.ts (1.2s) load@start=11.91 servers=0
✔ pointerup terminates through the success path (9.078292ms)
✔ pointercancel terminates through the idempotent cancel path (0.6425ms)
✖ lostpointercapture terminates through the idempotent cancel path (9.413625ms)
✔ blur terminates through the idempotent cancel path (1.070833ms)
✔ pagehide terminates through the idempotent cancel path (0.434ms)
✔ Escape and hidden visibility terminate through cancel (2.776584ms)
✔ custom drag owner cleanup cancels only its own active claim (0.4745ms)
ℹ tests 7
ℹ suites 0
ℹ pass 6
ℹ fail 1
ℹ cancelled 0
ℹ skipped 0
ℹ todo 0
ℹ duration_ms 769.628833

✖ failing tests:

test at scripts/drag-coordinator-terminal.test.ts:1:1068
✖ lostpointercapture terminates through the idempotent cancel path (9.413625ms)
  AssertionError [ERR_ASSERTION]: Expected values to be strictly deep-equal:
  + actual - expected
  
    {
  +   cancel: 0,
  -   cancel: 1,
      up: 0
    }
  
      at TestContext.<anonymous> (/Users/skip/work/tlda/scripts/drag-coordinator-terminal.test.ts:33:12)
      at Test.runInAsyncScope (node:async_hooks:226:14)
      at Test.run (node:internal/test_runner/test:1382:25)
      at Test.processPendingSubtests (node:internal/test_runner/test:960:18)
      at Test.postRun (node:internal/test_runner/test:1522:19)
      at Test.run (node:internal/test_runner/test:1447:12)
      at async Test.processPendingSubtests (node:internal/test_runner/test:960:7) {
    generatedMessage: true,
    code: 'ERR_ASSERTION',
    actual: { up: 0, cancel: 1 },
    expected: { up: 0, cancel: 1 },
    operator: 'deepStrictEqual',
    diff: 'simple'
  }

==============================================================================
FAIL exit 1 scripts/smoke-test.mjs (4.6s) load@start=11.91 servers=0
No SVG documents in manifest
✖ scripts/smoke-test.mjs (4171.85475ms)
ℹ tests 1
ℹ suites 0
ℹ pass 0
ℹ fail 1
ℹ cancelled 0
ℹ skipped 0
ℹ todo 0
ℹ duration_ms 4207.578083

✖ failing tests:

test at scripts/smoke-test.mjs:1:1
✖ scripts/smoke-test.mjs (4171.85475ms)
  'test failed'

==============================================================================
PASS server/lib/agent-model-backfill-wire.test.mjs (28.2s) load@start=12.40 servers=0
[fleet-store] default-subscriptions-v1: 0 agent(s) given the default subscription
[fleet-store] default-subscriptions-v2: 0 agent(s) given the default subscription
[fleet-store] default-subscriptions-v3: 0 agent(s) given the default subscription
[fleet-store] self-subscriptions-v1: 0 agent(s) given the self subscription
[fleet-store] mandatory-mint-slots-v1: 0 slot(s) marked mandatory
(node:90135) Warning: Setting the NODE_TLS_REJECT_UNAUTHORIZED environment variable to '0' makes TLS connections and HTTPS requests insecure by disabling certificate verification.
(Use `node --trace-warnings ...` to show where the warning was created)
✔ agent-model fills a missing model over the wire and leaves an existing one alone (25318.017083ms)
ℹ tests 1
ℹ suites 0
ℹ pass 1
ℹ fail 0
ℹ cancelled 0
ℹ skipped 0
ℹ todo 0
ℹ duration_ms 27801.660459

==============================================================================
PASS server/lib/amend-notify-wire.test.mjs (28.9s) load@start=10.00 servers=0
[fleet-store] default-subscriptions-v1: 0 agent(s) given the default subscription
[fleet-store] default-subscriptions-v2: 0 agent(s) given the default subscription
[fleet-store] default-subscriptions-v3: 0 agent(s) given the default subscription
[fleet-store] self-subscriptions-v1: 0 agent(s) given the self subscription
[fleet-store] mandatory-mint-slots-v1: 0 slot(s) marked mandatory
(node:92504) Warning: Setting the NODE_TLS_REJECT_UNAUTHORIZED environment variable to '0' makes TLS connections and HTTPS requests insecure by disabling certificate verification.
(Use `node --trace-warnings ...` to show where the warning was created)
[fleet-store] default-subscriptions-v1: 0 agent(s) given the default subscription
[fleet-store] default-subscriptions-v2: 0 agent(s) given the default subscription
[fleet-store] default-subscriptions-v3: 0 agent(s) given the default subscription
[fleet-store] self-subscriptions-v1: 0 agent(s) given the self subscription
[fleet-store] mandatory-mint-slots-v1: 0 slot(s) marked mandatory
✔ an amend reaches the recipient channel as a notification (17351.088375ms)
✔ an amend requests a daemon wake for a recipient with no open socket (9278.458333ms)
ℹ tests 2
ℹ suites 0
ℹ pass 2
ℹ fail 0
ℹ cancelled 0
ℹ skipped 0
ℹ todo 0
ℹ duration_ms 28469.985792

==============================================================================
FAIL exit 1 server/lib/build-instance.test.mjs (2.1s) load@start=7.80 servers=0
✖ concurrent same-project instances read immutable revisions and cannot share private writes (929.295833ms)
ℹ tests 1
ℹ suites 0
ℹ pass 0
ℹ fail 1
ℹ cancelled 0
ℹ skipped 0
ℹ todo 0
ℹ duration_ms 1748.395458

✖ failing tests:

test at server/lib/build-instance.test.mjs:10:1
✖ concurrent same-project instances read immutable revisions and cannot share private writes (929.295833ms)
  TypeError: lifecycle.bootstrap is not a function
      at TestContext.<anonymous> (file:///Users/skip/work/tlda/server/lib/build-instance.test.mjs:17:33)
      at async Test.run (node:internal/test_runner/test:1389:7)
      at async startSubtestAfterBootstrap (node:internal/test_runner/harness:387:3)

==============================================================================
FAIL exit 1 server/lib/project-files-store-offloop.test.mjs (4.1s) load@start=7.80 servers=0
✖ project files worker preserves migration, ordering, atomic replace, and loop responsiveness (954.119834ms)
✔ deleteProject clears its manifest through replace(project, []) (697.831584ms)
✔ project metadata reads and updates run through the project files worker (666.535083ms)
✔ document associations mix primary, materialized, and daemon-fed shared text (725.619625ms)
ℹ tests 4
ℹ suites 0
ℹ pass 3
ℹ fail 1
ℹ cancelled 0
ℹ skipped 0
ℹ todo 0
ℹ duration_ms 3758.92975

✖ failing tests:

test at server/lib/project-files-store-offloop.test.mjs:23:1
✖ project files worker preserves migration, ordering, atomic replace, and loop responsiveness (954.119834ms)
  AssertionError [ERR_ASSERTION]: Expected values to be strictly deep-equal:
  + actual - expected
  
    [
  +   'a.tex',
  -   './a.tex',
      'z.tex'
    ]
  
      at TestContext.<anonymous> (file:///Users/skip/work/tlda/server/lib/project-files-store-offloop.test.mjs:48:12)
      at async Test.run (node:internal/test_runner/test:1389:7)
      at async startSubtestAfterBootstrap (node:internal/test_runner/harness:387:3) {
    generatedMessage: true,
    code: 'ERR_ASSERTION',
    actual: [ 'a.tex', 'z.tex' ],
    expected: [ './a.tex', 'z.tex' ],
    operator: 'deepStrictEqual',
    diff: 'simple'
  }

==============================================================================
FAIL exit 1 server/lib/source-lifecycle.test.mjs (0.9s) load@start=7.66 servers=0
✖ source operation fate survives store reconstruction and exact replay (5.244042ms)
✖ request id reuse with a different payload preserves the original fate (1.946041ms)
✖ delivery id is an immutable direct index into the canonical request fate (1.628166ms)
ℹ tests 3
ℹ suites 0
ℹ pass 0
ℹ fail 3
ℹ cancelled 0
ℹ skipped 0
ℹ todo 0
ℹ duration_ms 596.2245

✖ failing tests:

test at server/lib/source-lifecycle.test.mjs:22:1
✖ source operation fate survives store reconstruction and exact replay (5.244042ms)
  TypeError: first.prepareOperation is not a function
      at TestContext.<anonymous> (file:///Users/skip/work/tlda/server/lib/source-lifecycle.test.mjs:26:28)
      at Test.runInAsyncScope (node:async_hooks:226:14)
      at Test.run (node:internal/test_runner/test:1382:25)
      at Test.start (node:internal/test_runner/test:1242:17)
      at startSubtestAfterBootstrap (node:internal/test_runner/harness:387:17)

test at server/lib/source-lifecycle.test.mjs:58:1
✖ request id reuse with a different payload preserves the original fate (1.946041ms)
  TypeError: store.prepareOperation is not a function
      at TestContext.<anonymous> (file:///Users/skip/work/tlda/server/lib/source-lifecycle.test.mjs:62:11)
      at Test.runInAsyncScope (node:async_hooks:226:14)
      at Test.run (node:internal/test_runner/test:1382:25)
      at Test.processPendingSubtests (node:internal/test_runner/test:960:18)
      at Test.postRun (node:internal/test_runner/test:1522:19)
      at Test.run (node:internal/test_runner/test:1447:12)
      at async startSubtestAfterBootstrap (node:internal/test_runner/harness:387:3)

test at server/lib/source-lifecycle.test.mjs:75:1
✖ delivery id is an immutable direct index into the canonical request fate (1.628166ms)
  TypeError: store.prepareOperation is not a function
      at TestContext.<anonymous> (file:///Users/skip/work/tlda/server/lib/source-lifecycle.test.mjs:80:11)
      at Test.runInAsyncScope (node:async_hooks:226:14)
      at Test.run (node:internal/test_runner/test:1382:25)
      at Test.processPendingSubtests (node:internal/test_runner/test:960:18)
      at Test.postRun (node:internal/test_runner/test:1522:19)
      at Test.run (node:internal/test_runner/test:1447:12)
      at async Test.processPendingSubtests (node:internal/test_runner/test:960:7)

==============================================================================
PASS test/bot-manager-supervision.test.mjs (11.5s) load@start=7.66 servers=0
✔ a bot whose pidfile holds a live pid is left alone (2630.418875ms)
✔ a bot with no live process is started (646.115625ms)
✔ a bot already in the ledger under another name is woken, not minted (641.754667ms)
✔ a code change stops a healthy bot so the ordinary start path brings it back (1954.80375ms)
✔ a tree still being written is not restarted until it holds still (3550.573375ms)
✔ a stale pidfile does not count as a live bot (1225.57525ms)
ℹ tests 6
ℹ suites 0
ℹ pass 6
ℹ fail 0
ℹ cancelled 0
ℹ skipped 0
ℹ todo 0
ℹ duration_ms 11211.412

==============================================================================
FAIL exit 1 test/cli-managed-restart-help.test.mjs (7.2s) load@start=6.63 servers=0
✔ managed service help exposes restart and refusal commands (1893.523208ms)
✔ all launchctl destructive verbs are rejected above ignoreFailure (1.278708ms)
✔ server start and doctor do not smuggle managed lifecycle writes (3.014584ms)
✖ server restart returns nonzero when KeepAlive never restores readiness (1450.06525ms)
✖ server restart does not mistake a timed-out old health endpoint for stopped (2103.966084ms)
✔ stop refuses before unloading a loaded service (663.283958ms)
ℹ tests 6
ℹ suites 0
ℹ pass 4
ℹ fail 2
ℹ cancelled 0
ℹ skipped 0
ℹ todo 0
ℹ duration_ms 6869.726083

✖ failing tests:

test at test/cli-managed-restart-help.test.mjs:72:1
✖ server restart returns nonzero when KeepAlive never restores readiness (1450.06525ms)
  AssertionError [ERR_ASSERTION]: The input did not match the regular expression /Server did not become ready within 1s/. Input:
  
  'Error: tlda config: no environment named "testing" in daemon.yaml environments — known: stable\n'
  
      at TestContext.<anonymous> (file:///Users/skip/work/tlda/test/cli-managed-restart-help.test.mjs:91:12)
      at Test.runInAsyncScope (node:async_hooks:226:14)
      at Test.run (node:internal/test_runner/test:1382:25)
      at Test.processPendingSubtests (node:internal/test_runner/test:960:18)
      at Test.postRun (node:internal/test_runner/test:1522:19)
      at Test.run (node:internal/test_runner/test:1447:12)
      at async Test.processPendingSubtests (node:internal/test_runner/test:960:7) {
    generatedMessage: true,
    code: 'ERR_ASSERTION',
    actual: 'Error: tlda config: no environment named "testing" in daemon.yaml environments — known: stable\n',
    expected: /Server did not become ready within 1s/,
    operator: 'match',
    diff: 'simple'
  }

test at test/cli-managed-restart-help.test.mjs:98:1
✖ server restart does not mistake a timed-out old health endpoint for stopped (2103.966084ms)
  AssertionError [ERR_ASSERTION]: The input did not match the regular expression /Server did not stop within 1s/. Input:
  
  'Error: tlda config: no environment named "testing" in daemon.yaml environments — known: stable\n'
  
      at TestContext.<anonymous> (file:///Users/skip/work/tlda/test/cli-managed-restart-help.test.mjs:124:12)
      at async Test.run (node:internal/test_runner/test:1389:7)
      at async Test.processPendingSubtests (node:internal/test_runner/test:960:7) {
    generatedMessage: true,
    code: 'ERR_ASSERTION',
    actual: 'Error: tlda config: no environment named "testing" in daemon.yaml environments — known: stable\n',
    expected: /Server did not stop within 1s/,
    operator: 'match',
    diff: 'simple'
  }

==============================================================================
FAIL exit 1 test/filter-subscriptions.test.mjs (1.4s) load@start=6.57 servers=0
✔ equal filters share one key regardless of term or clause order (4.457458ms)
✔ an event is evaluated once per distinct filter, not once per subscription (12.572875ms)
✔ the name resolves here even though a browser roster would have missed it (1.714584ms)
✔ non-matching traffic is delivered to nobody (1.245416ms)
✔ direction is preserved through the registry (1.40125ms)
✖ team filters keep the parent relation and add descendant activity only (25.947042ms)
✔ dm: is scoped per subscriber, and two humans on one filter cost two evaluations (4.624166ms)
✔ a closed connection drops every subscription it held (1.639375ms)
✔ unsubscribing the last holder removes the filter entirely (2.257791ms)
✔ two connections with the same filter still cost one evaluation (2.215875ms)
✔ humanName reaches the evaluator — a filter naming the human by name matches (15.351709ms)
✔ verdict() answers the same question as match(), for live/history equivalence (2.069417ms)
✔ unsubscribe does not leak filter keys into byConn (12.843125ms)
✔ unsubscribing one panel keeps the connection alive for its others (0.742083ms)
✔ verdict() is the only place membership is decided (4.219959ms)
✔ match() and verdict() cannot disagree, because match() delegates (1.057583ms)
✔ the module contains no raw NUL bytes — it must stay text to git (1.628166ms)
✔ re-subscribing a subId with a NEW filter replaces it — no duplicate delivery (1.194417ms)
✔ re-subscribing the SAME filter updates identity in place (4.444459ms)
ℹ tests 19
ℹ suites 0
ℹ pass 18
ℹ fail 1
ℹ cancelled 0
ℹ skipped 0
ℹ todo 0
ℹ duration_ms 1048.4535

✖ failing tests:

test at test/filter-subscriptions.test.mjs:79:1
✖ team filters keep the parent relation and add descendant activity only (25.947042ms)
  AssertionError [ERR_ASSERTION]: Expected values to be strictly equal:
  
  false !== true
  
      at TestContext.<anonymous> (/Users/skip/work/tlda/test/filter-subscriptions.test.mjs:96:10)
      at async Test.run (node:internal/test_runner/test:1389:7)
      at async Test.processPendingSubtests (node:internal/test_runner/test:960:7) {
    generatedMessage: true,
    code: 'ERR_ASSERTION',
    actual: false,
    expected: true,
    operator: 'strictEqual',
    diff: 'simple'
  }

==============================================================================
FAIL exit 1 test/live-source-caller-boundary.test.mjs (1.2s) load@start=6.57 servers=0
✔ CLI project source enters only through its owning daemon Git checkout (6.671042ms)
✔ every live non-Git source caller enters through the server-side room checkout (87.37375ms)
✖ deleted snapshot and bundle carriers have no server or executable test callers (23.098125ms)
ℹ tests 3
ℹ suites 0
ℹ pass 2
ℹ fail 1
ℹ cancelled 0
ℹ skipped 0
ℹ todo 0
ℹ duration_ms 796.419459

✖ failing tests:

test at test/live-source-caller-boundary.test.mjs:27:1
✖ deleted snapshot and bundle carriers have no server or executable test callers (23.098125ms)
  AssertionError [ERR_ASSERTION]: The validation function is expected to return "true". Received false
  
  Caught error:
  
  Error: spawn rg ENOENT
      at process.processTicksAndRejections (node:internal/process/task_queues:104:5)
      at async TestContext.<anonymous> (/Users/skip/work/tlda/test/live-source-caller-boundary.test.mjs:31:3)
      at async Test.run (node:internal/test_runner/test:1389:7)
      at async Test.processPendingSubtests (node:internal/test_runner/test:960:7) {
    generatedMessage: true,
    code: 'ERR_ASSERTION',
    actual: Error: spawn rg ENOENT
        at ChildProcess._handle.onexit (node:internal/child_process:286:19)
        at onErrorNT (node:internal/child_process:507:16)
        at process.processTicksAndRejections (node:internal/process/task_queues:90:21),
    operator: 'rejects',
    diff: 'simple'
  }

==============================================================================
FAIL exit 1 test/project-link-git-boundary.test.mjs (1.0s) load@start=7.57 servers=0
✖ local project link has no HTTP file snapshot fallback (10.486209ms)
ℹ tests 1
ℹ suites 0
ℹ pass 0
ℹ fail 1
ℹ cancelled 0
ℹ skipped 0
ℹ todo 0
ℹ duration_ms 614.232709

✖ failing tests:

test at test/project-link-git-boundary.test.mjs:8:1
✖ local project link has no HTTP file snapshot fallback (10.486209ms)
  AssertionError [ERR_ASSERTION]: The input did not match the regular expression /sourceSync\.submit\(project\)/. Input:
  
  '#!/usr/bin/env node\n' +
    '/**\n' +
    ' * fleet-daemon — per-machine local agent for the tlda hub server.\n' +
    ' *\n' +
    ' * The daemon is the local bridge from this machine into the tlda server:\n' +
    ' *\n' +
    ' *   1. JSONL watching - stream-tail Claude Code session files in\n' +
    ' *      ~/.claude/projects/<projectHash>/<sessionId>.jsonl, parse new\n' +
    ' *      bytes, and push activity-event + terminal-chat messages over\n' +
    ' *      WebSocket to the server.\n' +
    ' *\n' +
    " *   2. Document source watching - chokidar watches each tlda project's Git\n" +
    ' *      checkout; a settled edit cluster is committed and pushed as an\n' +
    ' *      immutable proposal ref. Accepted heads arrive through HeadChanged.\n' +
    ' *\n' +
    ' * What it does NOT do:\n' +
    ' *   - No SQLite. The server owns the fleet store.\n' +
    ' *   - No HTTP. Browsers talk to the server, not the daemon.\n' +
    ' *\n' +
    ' * Lifecycle:\n' +
    ' *   - Reads server, permission grant, and machine identity from daemon.yaml;\n' +
    ' *     authentication tokens come from tokens.json.\n' +
    ' *   - Derives a stable machineId from the hostname if missing and persists it\n' +
    ' *     to daemon.yaml.\n' +
    ' *   - Opens WS to ${server}/ws/fleet-daemon?token=...\n' +
    ' *   - Sends `daemon-hello`; waits for `daemon-welcome` with the agent\n' +
    ' *     and project list for this machine, then starts watching.\n' +
    ' *   - Reconnects with exponential backoff on WS drop. State lives on\n' +
    " *     the server; reconnection is a no-op for the daemon's logical state.\n" +
    ' *   - On reconnect (daemon-welcome after the first), auto-restarts the fleet\n' +
    ' *     MCP for every alive agent with a tmux_session (staggered 500ms apart).\n' +
    ' *     This handles the common case of a server restart disconnecting all MCPs.\n' +
    ' *\n' +
    ' * TODO: individual MCP crash detection (server restart covers the common case)\n' +
    " *   - Agents' MCPs can crash independently without a server restart.\n" +
    ' *   - To detect these, add a heartbeat: MCP sends a ping every ~60s; server\n' +
    ' *     tracks last_ping_at per agent; daemon polls (or server pushes) agents\n' +
    ' *     whose last_ping_at is stale (> 2min) and restarts them.\n' +
    ' *   - Requires: heartbeat message type in MCP register loop, server\n' +
    ' *     last_ping_at column, and daemon polling logic or server-push "agent-stale".\n' +
    ' *\n' +
    ' * Cursor persistence:\n' +
    ' *   - JSONL byte offsets are persisted to ~/.config/tlda/daemon-cursors.json\n' +
    " *     keyed by sessionId, including the file's inode. On reconnect or\n" +
    ' *     daemon restart we resume from the saved offset, but only if the\n' +
    ' *     inode still matches — Claude Code rotates JSONLs on compaction\n' +
    ' *     (delete + recreate), and the old offset would point into a\n' +
    ' *     different file.\n' +
    ' *   - On first observation of a session, we start at EOF (no backfill);\n' +
    ' *     historical events would be too expensive to replay.\n' +
    ' *\n' +
    ' * Spec: scratch/fleet-daemon-spec.md (Phase 1).\n' +
    ' */\n' +
    '\n' +
    "import { WebSocket } from 'ws'\n" +
    "import { ResilientWS } from '../shared/fleet-transport.mjs'\n" +
    "import { createFleetOperationTransport } from '../shared/fleet-operation-transport.mjs'\n" +
    "import fs from 'fs'\n" +
    "import path from 'path'\n" +
    "import os from 'os'\n" +
    "import net from 'node:net'\n" +
    "import { randomUUID } from 'node:crypto'\n" +
    "import { AsyncLocalStorage } from 'node:async_hooks'\n" +
    "import { fileURLToPath } from 'url'\n" +
    "import { daemonLifecycleSocketPath, daemonStateSuffix } from '../shared/daemon-socket-path.mjs'\n" +
    'import {\n' +
    '  getRwToken, DEFAULT_PORT, hasTls,\n' +
    '  CONFIG_DIR as _SHARED_CONFIG_DIR, TLS_CA_PATH,\n' +
    '  getMachineId, saveMachineId, getStatusScanMs, getJsonlTailIdleMs, getMintRegistrationDeadlineMs, getSourceChangeSettleDeadlineMs,\n' +
    '  getOutboxInflightDeadlineMs, getOutboxFlushByteBudget,\n' +
    '  getFleetServerUrl, getServerUrl, getActiveEnvName,\n' +
    "} from '../shared/config.mjs'\n" +
    "import { terminalInputAllowedFromConfig } from '../shared/terminal-input-policy.mjs'\n" +
    "const VERSION = '0.1.1'\n" +
    "import { createLogger } from '../shared/logger.mjs'\n" +
    "import { resolveDaemonIsolation } from '../shared/daemon-identity.mjs'\n" +
    "import { sendActivityEvents } from '../agent-runtime/activity-send.mjs'\n" +
    "import { createActivityDeliveryCounters, ACTIVITY_DELIVERY_STAGES } from '../shared/activity-delivery-counters.mjs'\n" +
    'import {\n' +
    '  ACTIVITY_HEALTH_BOUNDARIES,\n' +
    '  ACTIVITY_HEALTH_OK,\n' +
    "} from '../shared/activity-health.mjs'\n" +
    'import {\n' +
    '  THINKING_SPINNER_RE, INTERRUPT_HINT_RE, THINKING_SCAN_LINES,\n' +
    "} from '../agent-runtime/status-classifier.mjs'\n" +
    'import {\n' +
    '  DAEMON_OUTBOX_ACK_TYPE,\n' +
    '  DAEMON_OUTBOX_ERROR_TYPE,\n' +
    '  SERVER_DAEMON_OUTBOX_ACK_TYPE,\n' +
    '  SERVER_DAEMON_OUTBOX_ERROR_TYPE,\n' +
    '  SERVER_DAEMON_OUTBOX_ID_FIELD,\n' +
    "} from '../shared/daemon-delivery.mjs'\n" +
    'import {\n' +
    '  decideTerminalWatchExit,\n' +
    '  unlinkPidfileIfOwnPid,\n' +
    "} from '../agent-runtime/daemon-guards.mjs'\n" +
    "import { createGitSyncManager } from '../daemon/git-sync-manager.mjs'\n" +
    "impo

==============================================================================
FAIL exit 1 test/search-grammar-categories.test.mjs (3.1s) load@start=7.57 servers=0
[fleet-store] default-subscriptions-v1: 0 agent(s) given the default subscription
[fleet-store] default-subscriptions-v2: 0 agent(s) given the default subscription
[fleet-store] default-subscriptions-v3: 0 agent(s) given the default subscription
[fleet-store] self-subscriptions-v1: 0 agent(s) given the self subscription
[fleet-store] mandatory-mint-slots-v1: 0 slot(s) marked mandatory
[fleet-store] default-subscriptions-v1: 0 agent(s) given the default subscription
[fleet-store] default-subscriptions-v2: 0 agent(s) given the default subscription
[fleet-store] default-subscriptions-v3: 0 agent(s) given the default subscription
[fleet-store] self-subscriptions-v1: 0 agent(s) given the self subscription
[fleet-store] mandatory-mint-slots-v1: 0 slot(s) marked mandatory
[fleet-store] default-subscriptions-v1: 0 agent(s) given the default subscription
[fleet-store] default-subscriptions-v2: 0 agent(s) given the default subscription
[fleet-store] default-subscriptions-v3: 0 agent(s) given the default subscription
[fleet-store] self-subscriptions-v1: 0 agent(s) given the self subscription
[fleet-store] mandatory-mint-slots-v1: 0 slot(s) marked mandatory
✔ type category parses to an end-to-end event type filter (311.42725ms)
✔ explicit ampersand and implicit whitespace both require all search terms (670.279584ms)
✖ text operators execute with the grammar semantics autocomplete advertises (84.041458ms)
✔ autocomplete exposes executable text operators and me through ordinary agent values (2.11075ms)
ℹ tests 4
ℹ suites 0
ℹ pass 3
ℹ fail 1
ℹ cancelled 0
ℹ skipped 0
ℹ todo 0
ℹ duration_ms 2785.549833

✖ failing tests:

test at test/search-grammar-categories.test.mjs:106:1
✖ text operators execute with the grammar semantics autocomplete advertises (84.041458ms)
  Error [JuxtapositionError]: juxtaposition is not valid syntax in "alpha ! beta" — terms must be joined with an operator. Did you mean: alpha & ! beta
      at parseAnd (file:///Users/skip/work/tlda/shared/unified-filter-grammar.mjs:108:15)
      at parseOr (file:///Users/skip/work/tlda/shared/unified-filter-grammar.mjs:86:16)
      at parseUnifiedFilter (file:///Users/skip/work/tlda/shared/unified-filter-grammar.mjs:166:15)
      at parseSearchTextExpression (file:///Users/skip/work/tlda/server/lib/fleet-store.mjs:219:10)
      at FleetStore.searchAll (file:///Users/skip/work/tlda/server/lib/fleet-store.mjs:5994:28)
      at file:///Users/skip/work/tlda/test/search-grammar-categories.test.mjs:142:11
      at withStore (file:///Users/skip/work/tlda/test/search-grammar-categories.test.mjs:15:12)
      at TestContext.<anonymous> (file:///Users/skip/work/tlda/test/search-grammar-categories.test.mjs:106:89)
      at Test.runInAsyncScope (node:async_hooks:226:14)
      at Test.run (node:internal/test_runner/test:1382:25) {
    reason: 'juxtaposition',
    input: 'alpha ! beta',
    tokenIndex: 1,
    suggestion: 'alpha & ! beta'
  }

==============================================================================
FAIL exit 1 test/thread-card-controls.test.mjs (9.1s) load@start=7.20 servers=0
✔ a long thread draws the picture: front, gap marker, tail, one control (5.31025ms)
✔ the range shows three on top and two below (4.685709ms)
✔ the range sizes come from the preference when set (1.290917ms)
✔ the hidden middle is present, not another ellipsis (1.38375ms)
✔ the card and its message bodies have no height bound or click of their own (2.782792ms)
✔ thread message bodies do not use the removed more-control path (25.498208ms)
✔ a thread card carries no semantic-operation shell (6.297917ms)
✔ a thread card keeps its agent caller when a human reads it (2.367209ms)
✔ a lexical me filter keeps its displayed text (1.548125ms)
✔ the thread rerun evaluates me as the recorded caller (1.857958ms)
✔ a search card renders neither an expand nor a collapse control (2.408375ms)
✖ a long bash tool call labels the card once (83.808292ms)
✔ a collapsed thread does not render the floating collapse control (6.231959ms)
✔ the gap marker and its rows name each other without counting siblings (1.814834ms)
✔ a thread mount point carries its semantic key (0.744625ms)
✔ the click and the restore compute the fold key with the same function (2.419166ms)
✔ the button and the rows resolve to one key, whatever is rendered around them (7563.961667ms)
✔ merged thread cards keep separate folds (95.736833ms)
✔ the re-dispatched tap does not leave a second click behind (47.321042ms)
ℹ tests 19
ℹ suites 0
ℹ pass 18
ℹ fail 1
ℹ cancelled 0
ℹ skipped 0
ℹ todo 0
ℹ duration_ms 8746.106708

✖ failing tests:

test at test/thread-card-controls.test.mjs:210:1
✖ a long bash tool call labels the card once (83.808292ms)
  AssertionError [ERR_ASSERTION]: Expected values to be strictly equal:
  
  1 !== 0
  
      at TestContext.<anonymous> (/Users/skip/work/tlda/test/thread-card-controls.test.mjs:226:10)
      at Test.runInAsyncScope (node:async_hooks:226:14)
      at Test.run (node:internal/test_runner/test:1382:25)
      at Test.processPendingSubtests (node:internal/test_runner/test:960:18)
      at Test.postRun (node:internal/test_runner/test:1522:19)
      at Test.run (node:internal/test_runner/test:1447:12)
      at async Test.processPendingSubtests (node:internal/test_runner/test:960:7) {
    generatedMessage: true,
    code: 'ERR_ASSERTION',
    actual: 1,
    expected: 0,
    operator: 'strictEqual',
    diff: 'simple'
  }

==============================================================================
FAIL exit 1 tests/canvas-clip-camera-physics.test.mjs (1.3s) load@start=7.50 servers=0
✔ PIP pan physics uses the main canvas camera options (6.018ms)
✔ PIP zoom physics uses the main canvas zoom curve and limits (0.679458ms)
✖ read-only PIPs use one camera gesture path for mouse touch and stylus (2.868ms)
ℹ tests 3
ℹ suites 0
ℹ pass 2
ℹ fail 1
ℹ cancelled 0
ℹ skipped 0
ℹ todo 0
ℹ duration_ms 802.345125

✖ failing tests:

test at tests/canvas-clip-camera-physics.test.mjs:44:1
✖ read-only PIPs use one camera gesture path for mouse touch and stylus (2.868ms)
  AssertionError [ERR_ASSERTION]: pinned PIPs must not be left behind the read-only capture overlay
      at TestContext.<anonymous> (file:///Users/skip/work/tlda/tests/canvas-clip-camera-physics.test.mjs:45:10)
      at Test.runInAsyncScope (node:async_hooks:226:14)
      at Test.run (node:internal/test_runner/test:1382:25)
      at Test.processPendingSubtests (node:internal/test_runner/test:960:18)
      at Test.postRun (node:internal/test_runner/test:1522:19)
      at Test.run (node:internal/test_runner/test:1447:12)
      at async Test.processPendingSubtests (node:internal/test_runner/test:960:7) {
    generatedMessage: false,
    code: 'ERR_ASSERTION',
    actual: '/**\n * CanvasClipPanel — fork-viewport panel that shows a clipped region of the\n * main canvas. Used by AnnotationViewer, ScreenshotCapture, FleetHUD and\n * FleetDocViewShape.\n *\n * Uses the tldraw fork\'s multi-viewport API:\n * - Registers a named viewport with the main editor\n * - Renders shapes visible to that viewport via getRenderingShapes({ viewportId })\n * - Independent camera without duplicating the store\n *\n * This replaces the old copy-store approach (separate editor + bidirectional sync).\n */\nimport { useCallback, useEffect, useMemo, useRef, useState } from \'react\'\nimport { TldrawViewport, Vec, stopEventPropagation } from \'tldraw\'\nimport type { Editor, TLShape, TLViewportId } from \'tldraw\'\nimport {\n  canvasClipSurfaceCamera,\n  createCanvasClipPanelPlan,\n  getOptionalCanvasClipViewport,\n  sameCanvasClipCamera,\n  setCanvasClipSurfaceCamera,\n  type CanvasClipWMSurface,\n} from \'./wm/canvas-clip-panel\'\nimport {\n  cameraToCoordinateTransform,\n  ensureViewLayer,\n  registerViewportLayer,\n  removeLayers,\n  unregisterViewportLayer,\n  viewportCoordinateLayerId,\n  viewportFrameLayerId,\n} from \'./wm/editor-wm\'\nimport { VisibilityViewportProvider } from \'./shapes/useIsInViewport\'\nimport { canvasClipPanCamera, canvasClipWheelCamera, isCanvasClipWheelMessage } from \'./canvas-clip-wheel\'\nimport { createCanvasClipShapePredicate } from \'./canvas-clip-shape-predicate\'\nimport \'./CanvasClipPanel.css\'\n\nconst DEFAULT_WIDTH = 600\nconst DEFAULT_MAX_HEIGHT_FRACTION = 0.4\nconst MIN_VISIBLE_LINES = 5\nconst LINE_HEIGHT_ESTIMATE = 14 // ~12pt in PDF coordinates\n\nconst wmSurfaceRegistry = new Map<string, {\n  surface: CanvasClipWMSurface\n  setCamera: (camera: { x: number; y: number; z: number }) => void\n  syncViewportCamera: (camera: { x: number; y: number; z: number }) => void\n  syncCoordinateCamera: (camera: { x: number; y: number; z: number }) => void\n}>()\n\nfunction applyViewportCameraToDom(canvas: HTMLDivElement | null, camera: { x: number; y: number; z: number }) {\n  const htmlLayer = canvas?.querySelector<HTMLElement>(\'.tl-html-layer.tl-shapes\')\n  if (!htmlLayer) return\n  htmlLayer.style.transform = `scale(${camera.z}) translate(${camera.x}px,${camera.y}px)`\n}\n\nfunction isEditableWheelTarget(target: Element) {\n  return !!target.closest(\'input, textarea, select, button, a, [contenteditable="true"], [role="button"]\')\n}\n\nfunction dispatchMainCanvasWheel(mainEditor: Editor, e: WheelEvent) {\n  mainEditor.focus({ focusContainer: false })\n  mainEditor.dispatch({\n    type: \'wheel\',\n    name: \'wheel\',\n    delta: new Vec(-e.deltaX, -e.deltaY, 0),\n    point: new Vec(e.clientX, e.clientY),\n    shiftKey: e.shiftKey,\n    altKey: e.altKey,\n    ctrlKey: e.metaKey || e.ctrlKey,\n    metaKey: e.metaKey,\n    accelKey: e.metaKey || e.ctrlKey,\n  })\n}\n\nexport function syncCanvasClipPanelViewportCamera(\n  viewportId: string,\n  camera: { x: number; y: number; z: number },\n): boolean {\n  const registered = wmSurfaceRegistry.get(viewportId)\n  if (!registered) return false\n  registered.syncViewportCamera(camera)\n  return true\n}\n\nexport interface ClipBounds {\n  x: number\n  y: number\n  w: number\n  h: number\n}\n\ninterface CanvasClipPanelProps {\n  mainEditor: Editor\n  bounds: ClipBounds | null\n  panelWidth?: number\n  maxHeightFraction?: number\n  className?: string\n  lockCamera?: boolean\n  initialTool?: string\n  onEditorMount?: (editor: Editor | null) => void\n  emphasizeShapeIds?: string[]\n  readOnly?: boolean\n  liveEdit?: boolean\n  wmSurface?: CanvasClipWMSurface\n  fullViewport?: boolean\n  disableCulling?: boolean\n  shapePredicate?: (shape: TLShape) => boolean\n  customGestureActiveRef?: { current: boolean }\n  requestedShapeIds?: string[]\n  requestedShapeTypes?: string[]\n  interactionMode?: \'preview\' | \'pinned\'\n  unboundedPanning?: boolean\n  fitBounds?: boolean\n  /**\n   * Whether wheel and touch input over this panel\'s content should drive\n   * ITS OWN camera pan/zoom, via the same native (non-React-synthetic)\n   * listeners readOnly preview panels already use. Defaults to `readOnly` —\n   * every existing caller is unaffected. `readOnly` also gates unrelated\n   * concerns (shape filtering, iframe wheel ownership, message-channel\n   * zoom), so a caller that wants pan/zoom input routed here without being\n   * `readOnly` for those other purposes can set this explicitly.\n   */\n  panInteraction?: boolean\n  /** External viewport ID (generated by parent). If not provided, generates one internally. */\n  viewportId?: string\n  children?: React.ReactNode\n}\n\nexport function CanvasClipPanel({\n  mainEditor,\n  bounds,\n  panelWidth = DEFAULT_WIDTH,\n  maxHeightFraction = DEFAULT_MAX_HEIGHT_FRACTION,\n  className,\n  lockCamera = false,\n  wmSurface,\n  fullVie


SUMMARY
FAIL exit 1	bin/a-bootstrap-does-not-repeat-over-real-history-test.mjs	13.2s	load@start=4.65
FAIL exit 1	bin/a-commit-per-accepted-push-test.mjs	5.5s	load@start=5.84
FAIL exit 1	bin/a-conflicted-checkout-reports-synced-test.mjs	93.3s	load@start=6.09
FAIL exit 1	bin/a-figure-does-not-refuse-a-rebase-test.mjs	2.9s	load@start=4.71
FAIL exit 1	bin/a-ref-that-does-not-outrun-its-record-test.mjs	1.0s	load@start=4.71
FAIL exit 1	bin/a-refusal-that-names-what-differed-test.mjs	1.4s	load@start=4.98
FAIL exit 1	bin/a-retry-that-lands-once-test.mjs	1.6s	load@start=4.98
FAIL exit 1	bin/a-scratch-section-still-builds-test.mjs	9.4s	load@start=4.98
FAIL exit 1	bin/a-second-build-slot-that-exists-test.mjs	1.3s	load@start=4.81
FAIL exit 1	bin/agent-wake-grant-regression-test.mjs	3.6s	load@start=4.81
FAIL exit 1	bin/an-accept-the-daemon-is-never-told-about-test.mjs	2.3s	load@start=5.31
FAIL exit 1	bin/book-member-identity-test.mjs	2.0s	load@start=4.96
FAIL exit 1	bin/bot-package-surface-test.mjs	7.7s	load@start=4.96
FAIL exit 1	bin/brush-test.mjs	16.1s	load@start=7.49
FAIL exit 1	bin/cli-command-family-completion-boundary-test.mjs	28.6s	load@start=6.49
FAIL exit 1	bin/cli-markdown-push-source-set-test.mjs	1.2s	load@start=6.22
FAIL exit 1	bin/cli-project-completion-boundary-test.mjs	16.2s	load@start=6.22
FAIL exit 1	bin/cli-push-reporting-and-batching-test.mjs	3.2s	load@start=7.19
FAIL exit 1	bin/delegate-spawn-shell-e2e-test.mjs	23.5s	load@start=7.19
FAIL exit 1	bin/delegate-spawn-shell-reservation-test.mjs	12.5s	load@start=6.75
FAIL exit 1	bin/doctor-yolo-seat-binding-regression-test.mjs	2.5s	load@start=6.92
FAIL exit 1	bin/inbox-notes-test.mjs	4.6s	load@start=6.69
FAIL exit 1	bin/inbox-structural-test.mjs	4.1s	load@start=7.28
FAIL exit 1	bin/inbox-typed-rows-test.mjs	4.2s	load@start=7.57
FAIL exit 1	bin/literate-story-extractor-test.mjs	6.4s	load@start=7.69
FAIL exit 1	bin/login-preserves-binding-regression-test.mjs	3.1s	load@start=7.47
FAIL exit 1	bin/mint-seat-retry-real-daemon-test.mjs	64.4s	load@start=7.03
FAIL exit 1	bin/mirror-failure-visible-test.mjs	1.8s	load@start=5.44
TIMEOUT	bin/one-file-out-of-a-big-book-test.mjs	120.1s	load@start=5.44
FAIL exit 1	bin/replica-command-not-retained-test.mjs	1.8s	load@start=6.30
FAIL exit 1	bin/ribbon-inbox-test.mjs	9.8s	load@start=5.88
FAIL exit 1	bin/semantic-operation-render-test.mjs	1.4s	load@start=5.51
FAIL exit 1	bin/server-originated-claude-mint-real-daemon-test.mjs	63.1s	load@start=5.51
FAIL exit 1	bin/source-lifecycle-authority-test.mjs	1.7s	load@start=8.46
FAIL exit 1	bin/source-restart-mid-edit-test.mjs	50.7s	load@start=8.46
FAIL exit 1	bin/spawn-collision-test.mjs	33.6s	load@start=8.20
FAIL exit 1	bin/spawn-mailbox-outcome-test.mjs	23.9s	load@start=9.74
FAIL exit 1	bin/suggestions-test.mjs	40.1s	load@start=9.38
FAIL exit 1	bin/timer-routing-regression-test.mjs	1.8s	load@start=9.17
FAIL exit 1	bin/two-participant-source-convergence-test.mjs	2.4s	load@start=8.76
PASS	daemon/project-link-git-http.test.mjs	58.4s	load@start=8.76
FAIL exit 1	packages/bot/liveness-probe.test.mjs	12.1s	load@start=9.27
FAIL exit 1	scripts/chat-history-ordering.test.ts	3.0s	load@start=10.77
FAIL exit 1	scripts/drag-coordinator-terminal.test.ts	1.2s	load@start=11.91
FAIL exit 1	scripts/smoke-test.mjs	4.6s	load@start=11.91
PASS	server/lib/agent-model-backfill-wire.test.mjs	28.2s	load@start=12.40
PASS	server/lib/amend-notify-wire.test.mjs	28.9s	load@start=10.00
FAIL exit 1	server/lib/build-instance.test.mjs	2.1s	load@start=7.80
FAIL exit 1	server/lib/project-files-store-offloop.test.mjs	4.1s	load@start=7.80
FAIL exit 1	server/lib/source-lifecycle.test.mjs	0.9s	load@start=7.66
PASS	test/bot-manager-supervision.test.mjs	11.5s	load@start=7.66
FAIL exit 1	test/cli-managed-restart-help.test.mjs	7.2s	load@start=6.63
FAIL exit 1	test/filter-subscriptions.test.mjs	1.4s	load@start=6.57
FAIL exit 1	test/live-source-caller-boundary.test.mjs	1.2s	load@start=6.57
FAIL exit 1	test/project-link-git-boundary.test.mjs	1.0s	load@start=7.57
FAIL exit 1	test/search-grammar-categories.test.mjs	3.1s	load@start=7.57
FAIL exit 1	test/thread-card-controls.test.mjs	9.1s	load@start=7.20
FAIL exit 1	tests/canvas-clip-camera-physics.test.mjs	1.3s	load@start=7.50
end load: 7.50 7.91 7.16
end unified-server procs: 0
